[0.000000] (-) TimerEvent: {}
[0.000368] (arm_control) JobQueued: {'identifier': 'arm_control', 'dependencies': OrderedDict()}
[0.000485] (can_controller) JobQueued: {'identifier': 'can_controller', 'dependencies': OrderedDict()}
[0.000538] (can_interfaces) JobQueued: {'identifier': 'can_interfaces', 'dependencies': OrderedDict()}
[0.000578] (drive_commands) JobQueued: {'identifier': 'drive_commands', 'dependencies': OrderedDict()}
[0.000613] (arm_control) JobStarted: {'identifier': 'arm_control'}
[0.032380] (can_controller) JobStarted: {'identifier': 'can_controller'}
[0.046831] (can_interfaces) JobStarted: {'identifier': 'can_interfaces'}
[0.058770] (drive_commands) JobStarted: {'identifier': 'drive_commands'}
[0.098462] (-) TimerEvent: {}
[0.199156] (-) TimerEvent: {}
[0.299838] (-) TimerEvent: {}
[0.400669] (-) TimerEvent: {}
[0.501239] (-) TimerEvent: {}
[0.601806] (-) TimerEvent: {}
[0.702341] (-) TimerEvent: {}
[0.802927] (-) TimerEvent: {}
[0.903517] (-) TimerEvent: {}
[1.004031] (-) TimerEvent: {}
[1.055973] (can_interfaces) JobProgress: {'identifier': 'can_interfaces', 'progress': 'cmake'}
[1.058015] (can_interfaces) JobProgress: {'identifier': 'can_interfaces', 'progress': 'build'}
[1.059270] (can_interfaces) Command: {'cmd': ['/usr/bin/cmake', '--build', '/home/ritvik/Documents/MRT_ROS_WS/build/can_interfaces', '--', '-j16', '-l16'], 'cwd': '/home/ritvik/Documents/MRT_ROS_WS/build/can_interfaces', 'env': OrderedDict({'LESSOPEN': '| /usr/bin/lesspipe %s', 'IGN_IP': '127.0.0.1', 'GZ_SIM_RESOURCE_PATH': '/home/ritvik/gazebo_models', 'LANGUAGE': 'en_IN:en', 'USER': 'ritvik', 'GZ_CONFIG_PATH': '/opt/ros/jazzy/opt/sdformat_vendor/share/gz', 'XDG_SESSION_TYPE': 'wayland', 'SALT_LICENSE_SERVER': '/home/ritvik/.altera.quartus/questa_lic.dat', 'STM32CubeMX_PATH': '/home/ritvik/STM32CubeMX', 'SHLVL': '1', 'LD_LIBRARY_PATH': '/opt/ros/jazzy/opt/sdformat_vendor/lib:/opt/ros/jazzy/opt/rviz_ogre_vendor/lib:/opt/ros/jazzy/lib/x86_64-linux-gnu:/opt/ros/jazzy/opt/gz_math_vendor/lib:/opt/ros/jazzy/opt/gz_utils_vendor/lib:/opt/ros/jazzy/opt/gz_tools_vendor/lib:/opt/ros/jazzy/opt/gz_cmake_vendor/lib:/opt/ros/jazzy/lib', 'HOME': '/home/ritvik', 'OLDPWD': '/home/ritvik', 'DESKTOP_SESSION': 'gnome', 'ROS_PYTHON_VERSION': '3', 'GTK_MODULES': 'gail:atk-bridge', 'MANAGERPID': '2522', 'SYSTEMD_EXEC_PID': '3016', 'GSM_SKIP_SSH_AGENT_WORKAROUND': 'true', 'DBUS_SESSION_BUS_ADDRESS': 'unix:path=/run/user/1000/bus', 'COLORTERM': 'truecolor', 'QSYS_ROOTDIR': '/home/ritvik/Documents/Quartus/quartus_install/quartus/sopc_builder/bin', 'TERMINATOR_DBUS_NAME': 'net.tenshu.Terminator25ef4b219e3b005583550f2b0f9f990c3', 'GIO_LAUNCHED_DESKTOP_FILE_PID': '8122', 'GNOME_KEYRING_CONTROL': '/run/user/1000/keyring', 'DEBUGINFOD_URLS': 'https://debuginfod.ubuntu.com', 'IM_CONFIG_PHASE': '1', 'WAYLAND_DISPLAY': 'wayland-0', 'COLCON_PREFIX_PATH': '/home/ritvik/rover_arm_ws/install', 'ROS_DISTRO': 'jazzy', 'LOGNAME': 'ritvik', 'SALT_LICENSE_FILE': ';/home/ritvik/.altera.quartus/questa_lic.dat', 'JOURNAL_STREAM': '9:13020', '_': '/usr/bin/colcon', 'ROS_VERSION': '2', 'MEMORY_PRESSURE_WATCH': '/sys/fs/cgroup/user.slice/user-1000.slice/user@1000.service/session.slice/org.gnome.SettingsDaemon.MediaKeys.service/memory.pressure', 'XDG_SESSION_CLASS': 'user', 'USERNAME': 'ritvik', 'STM32_PRG_PATH': '/home/ritvik/STMicroelectronics/STM32Cube/STM32CubeProgrammer/binexport', 'TERM': 'xterm-256color', 'GNOME_DESKTOP_SESSION_ID': 'this-is-deprecated', 'PATH': '/opt/ros/jazzy/opt/gz_tools_vendor/bin:/opt/ros/jazzy/bin:/home/ritvik/.cargo/bin:/home/ritvik/.local/bin:/usr/local/sbin:/usr/local/bin:/usr/sbin:/usr/bin:/sbin:/bin:/usr/games:/usr/local/games:/snap/bin:/snap/bin:/usr/local/MATLAB/R2025b/bin', 'SESSION_MANAGER': 'local/ritvik-ROG-Zephyrus-G14-GA403UM-GA403UM:@/tmp/.ICE-unix/2772,unix/ritvik-ROG-Zephyrus-G14-GA403UM-GA403UM:/tmp/.ICE-unix/2772', 'INVOCATION_ID': '3a93e962aab8443e9f6719c3682c35d4', 'XDG_MENU_PREFIX': 'gnome-', 'GNOME_SETUP_DISPLAY': ':1', 'LM_LICENSE_FILE': '/home/ritvik/Documents/Licenses/questa_license.dat', 'XDG_RUNTIME_DIR': '/run/user/1000', 'DISPLAY': ':0', 'TERMINATOR_DBUS_PATH': '/net/tenshu/Terminator2', 'LANG': 'en_US.UTF-8', 'XDG_CURRENT_DESKTOP': 'GNOME', 'RMW_IMPLEMENTATION': 'rmw_cyclonedds_cpp', 'XMODIFIERS': '@im=ibus', 'XDG_SESSION_DESKTOP': 'gnome', 'XAUTHORITY': '/run/user/1000/.mutter-Xwaylandauth.LOWXT3', 'LS_COLORS': 'rs=0:di=01;34:ln=01;36:mh=00:pi=40;33:so=01;35:do=01;35:bd=40;33;01:cd=40;33;01:or=40;31;01:mi=00:su=37;41:sg=30;43:ca=00:tw=30;42:ow=34;42:st=37;44:ex=01;32:*.tar=01;31:*.tgz=01;31:*.arc=01;31:*.arj=01;31:*.taz=01;31:*.lha=01;31:*.lz4=01;31:*.lzh=01;31:*.lzma=01;31:*.tlz=01;31:*.txz=01;31:*.tzo=01;31:*.t7z=01;31:*.zip=01;31:*.z=01;31:*.dz=01;31:*.gz=01;31:*.lrz=01;31:*.lz=01;31:*.lzo=01;31:*.xz=01;31:*.zst=01;31:*.tzst=01;31:*.bz2=01;31:*.bz=01;31:*.tbz=01;31:*.tbz2=01;31:*.tz=01;31:*.deb=01;31:*.rpm=01;31:*.jar=01;31:*.war=01;31:*.ear=01;31:*.sar=01;31:*.rar=01;31:*.alz=01;31:*.ace=01;31:*.zoo=01;31:*.cpio=01;31:*.7z=01;31:*.rz=01;31:*.cab=01;31:*.wim=01;31:*.swm=01;31:*.dwm=01;31:*.esd=01;31:*.avif=01;35:*.jpg=01;35:*.jpeg=01;35:*.mjpg=01;35:*.mjpeg=01;35:*.gif=01;35:*.bmp=01;35:*.pbm=01;35:*.pgm=01;35:*.ppm=01;35:*.tga=01;35:*.xbm=01;35:*.xpm=01;35:*.tif=01;35:*.tiff=01;35:*.png=01;35:*.svg=01;35:*.svgz=01;35:*.mng=01;35:*.pcx=01;35:*.mov=01;35:*.mpg=01;35:*.mpeg=01;35:*.m2v=01;35:*.mkv=01;35:*.webm=01;35:*.webp=01;35:*.ogm=01;35:*.mp4=01;35:*.m4v=01;35:*.mp4v=01;35:*.vob=01;35:*.qt=01;35:*.nuv=01;35:*.wmv=01;35:*.asf=01;35:*.rm=01;35:*.rmvb=01;35:*.flc=01;35:*.avi=01;35:*.fli=01;35:*.flv=01;35:*.gl=01;35:*.dl=01;35:*.xcf=01;35:*.xwd=01;35:*.yuv=01;35:*.cgm=01;35:*.emf=01;35:*.ogv=01;35:*.ogx=01;35:*.aac=00;36:*.au=00;36:*.flac=00;36:*.m4a=00;36:*.mid=00;36:*.midi=00;36:*.mka=00;36:*.mp3=00;36:*.mpc=00;36:*.ogg=00;36:*.ra=00;36:*.wav=00;36:*.oga=00;36:*.opus=00;36:*.spx=00;36:*.xspf=00;36:*~=00;90:*#=00;90:*.bak=00;90:*.crdownload=00;90:*.dpkg-dist=00;90:*.dpkg-new=00;90:*.dpkg-old=00;90:*.dpkg-tmp=00;90:*.old=00;90:*.orig=00;90:*.part=00;90:*.rej=00;90:*.rpmnew=00;90:*.rpmorig=00;90:*.rpmsave=00;90:*.swp=00;90:*.tmp=00;90:*.ucf-dist=00;90:*.ucf-new=00;90:*.ucf-old=00;90:', 'SSH_AUTH_SOCK': '/run/user/1000/keyring/ssh', 'AMENT_PREFIX_PATH': '/home/ritvik/rover_arm_ws/install/rover_arm_desc:/opt/ros/jazzy', 'SHELL': '/bin/bash', 'TERMINATOR_UUID': 'urn:uuid:b87d87f7-d4bd-4cb1-a42e-e4d83e1eebfd', 'QT_ACCESSIBILITY': '1', 'GDMSESSION': 'gnome', 'LESSCLOSE': '/usr/bin/lesspipe %s %s', 'ROS_AUTOMATIC_DISCOVERY_RANGE': 'SUBNET', 'QT_IM_MODULE': 'ibus', 'PWD': '/home/ritvik/Documents/MRT_ROS_WS/build/can_interfaces', 'LC_ALL': 'en_US.UTF-8', 'XDG_CONFIG_DIRS': '/etc/xdg/xdg-gnome:/etc/xdg', 'XDG_DATA_DIRS': '/usr/share/gnome:/usr/local/share/:/usr/share/:/var/lib/snapd/desktop', 'PYTHONPATH': '/opt/ros/jazzy/lib/python3.12/site-packages', 'COLCON': '1', 'MEMORY_PRESSURE_WRITE': 'c29tZSAyMDAwMDAgMjAwMDAwMAA=', 'VTE_VERSION': '7600', 'CMAKE_PREFIX_PATH': '/home/ritvik/rover_arm_ws/install/rover_arm_desc:/opt/ros/jazzy/opt/sdformat_vendor:/opt/ros/jazzy/opt/gz_math_vendor:/opt/ros/jazzy/opt/gz_utils_vendor:/opt/ros/jazzy/opt/gz_tools_vendor:/opt/ros/jazzy/opt/gz_cmake_vendor:/opt/ros/jazzy'}), 'shell': False}
[1.104168] (-) TimerEvent: {}
[1.142317] (can_interfaces) StdoutLine: {'line': b'-- Found ament_cmake: 2.5.6 (/opt/ros/jazzy/share/ament_cmake/cmake)\n'}
[1.204323] (-) TimerEvent: {}
[1.304752] (-) TimerEvent: {}
[1.399480] (can_interfaces) StdoutLine: {'line': b'-- Found rosidl_default_generators: 1.6.0 (/opt/ros/jazzy/share/rosidl_default_generators/cmake)\n'}
[1.404314] (can_interfaces) StdoutLine: {'line': b'-- Using all available rosidl_typesupport_c: rosidl_typesupport_fastrtps_c;rosidl_typesupport_introspection_c\n'}
[1.404876] (-) TimerEvent: {}
[1.506267] (-) TimerEvent: {}
[1.514312] (can_interfaces) StdoutLine: {'line': b'-- Using all available rosidl_typesupport_cpp: rosidl_typesupport_fastrtps_cpp;rosidl_typesupport_introspection_cpp\n'}
[1.606404] (-) TimerEvent: {}
[1.618505] (can_interfaces) StdoutLine: {'line': b'-- Found rosidl_adapter: 4.6.7 (/opt/ros/jazzy/share/rosidl_adapter/cmake)\n'}
[1.706601] (-) TimerEvent: {}
[1.807176] (-) TimerEvent: {}
[1.907693] (-) TimerEvent: {}
[2.008329] (-) TimerEvent: {}
[2.108838] (-) TimerEvent: {}
[2.209156] (-) TimerEvent: {}
[2.270386] (can_interfaces) StdoutLine: {'line': b'-- Found ament_cmake_ros: 0.12.0 (/opt/ros/jazzy/share/ament_cmake_ros/cmake)\n'}
[2.309347] (-) TimerEvent: {}
[2.409796] (-) TimerEvent: {}
[2.478396] (can_interfaces) StdoutLine: {'line': b'-- Using all available rosidl_typesupport_c: rosidl_typesupport_fastrtps_c;rosidl_typesupport_introspection_c\n'}
[2.509952] (-) TimerEvent: {}
[2.610362] (-) TimerEvent: {}
[2.710837] (-) TimerEvent: {}
[2.744938] (can_interfaces) StdoutLine: {'line': b'-- Using all available rosidl_typesupport_cpp: rosidl_typesupport_fastrtps_cpp;rosidl_typesupport_introspection_cpp\n'}
[2.749036] (can_interfaces) StdoutLine: {'line': b'-- Found python_cmake_module: 0.11.1 (/opt/ros/jazzy/share/python_cmake_module/cmake)\n'}
[2.810989] (-) TimerEvent: {}
[2.911459] (-) TimerEvent: {}
[3.009970] (can_controller) Command: {'cmd': ['/usr/bin/python3', '-W', 'ignore:setup.py install is deprecated', '-W', 'ignore:easy_install command is deprecated', 'setup.py', 'egg_info', '--egg-base', '../../build/can_controller', 'build', '--build-base', '/home/ritvik/Documents/MRT_ROS_WS/build/can_controller/build', 'install', '--record', '/home/ritvik/Documents/MRT_ROS_WS/build/can_controller/install.log', '--single-version-externally-managed', 'install_data'], 'cwd': '/home/ritvik/Documents/MRT_ROS_WS/src/can_controller', 'env': {'LESSOPEN': '| /usr/bin/lesspipe %s', 'IGN_IP': '127.0.0.1', 'GZ_SIM_RESOURCE_PATH': '/home/ritvik/gazebo_models', 'LANGUAGE': 'en_IN:en', 'USER': 'ritvik', 'GZ_CONFIG_PATH': '/opt/ros/jazzy/opt/sdformat_vendor/share/gz', 'XDG_SESSION_TYPE': 'wayland', 'SALT_LICENSE_SERVER': '/home/ritvik/.altera.quartus/questa_lic.dat', 'STM32CubeMX_PATH': '/home/ritvik/STM32CubeMX', 'SHLVL': '1', 'LD_LIBRARY_PATH': '/opt/ros/jazzy/opt/sdformat_vendor/lib:/opt/ros/jazzy/opt/rviz_ogre_vendor/lib:/opt/ros/jazzy/lib/x86_64-linux-gnu:/opt/ros/jazzy/opt/gz_math_vendor/lib:/opt/ros/jazzy/opt/gz_utils_vendor/lib:/opt/ros/jazzy/opt/gz_tools_vendor/lib:/opt/ros/jazzy/opt/gz_cmake_vendor/lib:/opt/ros/jazzy/lib', 'HOME': '/home/ritvik', 'OLDPWD': '/home/ritvik', 'DESKTOP_SESSION': 'gnome', 'ROS_PYTHON_VERSION': '3', 'GTK_MODULES': 'gail:atk-bridge', 'MANAGERPID': '2522', 'SYSTEMD_EXEC_PID': '3016', 'GSM_SKIP_SSH_AGENT_WORKAROUND': 'true', 'DBUS_SESSION_BUS_ADDRESS': 'unix:path=/run/user/1000/bus', 'COLORTERM': 'truecolor', 'QSYS_ROOTDIR': '/home/ritvik/Documents/Quartus/quartus_install/quartus/sopc_builder/bin', 'TERMINATOR_DBUS_NAME': 'net.tenshu.Terminator25ef4b219e3b005583550f2b0f9f990c3', 'GIO_LAUNCHED_DESKTOP_FILE_PID': '8122', 'GNOME_KEYRING_CONTROL': '/run/user/1000/keyring', 'DEBUGINFOD_URLS': 'https://debuginfod.ubuntu.com', 'IM_CONFIG_PHASE': '1', 'WAYLAND_DISPLAY': 'wayland-0', 'COLCON_PREFIX_PATH': '/home/ritvik/rover_arm_ws/install', 'ROS_DISTRO': 'jazzy', 'LOGNAME': 'ritvik', 'SALT_LICENSE_FILE': ';/home/ritvik/.altera.quartus/questa_lic.dat', 'JOURNAL_STREAM': '9:13020', '_': '/usr/bin/colcon', 'ROS_VERSION': '2', 'MEMORY_PRESSURE_WATCH': '/sys/fs/cgroup/user.slice/user-1000.slice/user@1000.service/session.slice/org.gnome.SettingsDaemon.MediaKeys.service/memory.pressure', 'XDG_SESSION_CLASS': 'user', 'USERNAME': 'ritvik', 'STM32_PRG_PATH': '/home/ritvik/STMicroelectronics/STM32Cube/STM32CubeProgrammer/binexport', 'TERM': 'xterm-256color', 'GNOME_DESKTOP_SESSION_ID': 'this-is-deprecated', 'PATH': '/opt/ros/jazzy/opt/gz_tools_vendor/bin:/opt/ros/jazzy/bin:/home/ritvik/.cargo/bin:/home/ritvik/.local/bin:/usr/local/sbin:/usr/local/bin:/usr/sbin:/usr/bin:/sbin:/bin:/usr/games:/usr/local/games:/snap/bin:/snap/bin:/usr/local/MATLAB/R2025b/bin', 'SESSION_MANAGER': 'local/ritvik-ROG-Zephyrus-G14-GA403UM-GA403UM:@/tmp/.ICE-unix/2772,unix/ritvik-ROG-Zephyrus-G14-GA403UM-GA403UM:/tmp/.ICE-unix/2772', 'INVOCATION_ID': '3a93e962aab8443e9f6719c3682c35d4', 'XDG_MENU_PREFIX': 'gnome-', 'GNOME_SETUP_DISPLAY': ':1', 'LM_LICENSE_FILE': '/home/ritvik/Documents/Licenses/questa_license.dat', 'XDG_RUNTIME_DIR': '/run/user/1000', 'DISPLAY': ':0', 'TERMINATOR_DBUS_PATH': '/net/tenshu/Terminator2', 'LANG': 'en_US.UTF-8', 'XDG_CURRENT_DESKTOP': 'GNOME', 'RMW_IMPLEMENTATION': 'rmw_cyclonedds_cpp', 'XMODIFIERS': '@im=ibus', 'XDG_SESSION_DESKTOP': 'gnome', 'XAUTHORITY': '/run/user/1000/.mutter-Xwaylandauth.LOWXT3', 'LS_COLORS': 'rs=0:di=01;34:ln=01;36:mh=00:pi=40;33:so=01;35:do=01;35:bd=40;33;01:cd=40;33;01:or=40;31;01:mi=00:su=37;41:sg=30;43:ca=00:tw=30;42:ow=34;42:st=37;44:ex=01;32:*.tar=01;31:*.tgz=01;31:*.arc=01;31:*.arj=01;31:*.taz=01;31:*.lha=01;31:*.lz4=01;31:*.lzh=01;31:*.lzma=01;31:*.tlz=01;31:*.txz=01;31:*.tzo=01;31:*.t7z=01;31:*.zip=01;31:*.z=01;31:*.dz=01;31:*.gz=01;31:*.lrz=01;31:*.lz=01;31:*.lzo=01;31:*.xz=01;31:*.zst=01;31:*.tzst=01;31:*.bz2=01;31:*.bz=01;31:*.tbz=01;31:*.tbz2=01;31:*.tz=01;31:*.deb=01;31:*.rpm=01;31:*.jar=01;31:*.war=01;31:*.ear=01;31:*.sar=01;31:*.rar=01;31:*.alz=01;31:*.ace=01;31:*.zoo=01;31:*.cpio=01;31:*.7z=01;31:*.rz=01;31:*.cab=01;31:*.wim=01;31:*.swm=01;31:*.dwm=01;31:*.esd=01;31:*.avif=01;35:*.jpg=01;35:*.jpeg=01;35:*.mjpg=01;35:*.mjpeg=01;35:*.gif=01;35:*.bmp=01;35:*.pbm=01;35:*.pgm=01;35:*.ppm=01;35:*.tga=01;35:*.xbm=01;35:*.xpm=01;35:*.tif=01;35:*.tiff=01;35:*.png=01;35:*.svg=01;35:*.svgz=01;35:*.mng=01;35:*.pcx=01;35:*.mov=01;35:*.mpg=01;35:*.mpeg=01;35:*.m2v=01;35:*.mkv=01;35:*.webm=01;35:*.webp=01;35:*.ogm=01;35:*.mp4=01;35:*.m4v=01;35:*.mp4v=01;35:*.vob=01;35:*.qt=01;35:*.nuv=01;35:*.wmv=01;35:*.asf=01;35:*.rm=01;35:*.rmvb=01;35:*.flc=01;35:*.avi=01;35:*.fli=01;35:*.flv=01;35:*.gl=01;35:*.dl=01;35:*.xcf=01;35:*.xwd=01;35:*.yuv=01;35:*.cgm=01;35:*.emf=01;35:*.ogv=01;35:*.ogx=01;35:*.aac=00;36:*.au=00;36:*.flac=00;36:*.m4a=00;36:*.mid=00;36:*.midi=00;36:*.mka=00;36:*.mp3=00;36:*.mpc=00;36:*.ogg=00;36:*.ra=00;36:*.wav=00;36:*.oga=00;36:*.opus=00;36:*.spx=00;36:*.xspf=00;36:*~=00;90:*#=00;90:*.bak=00;90:*.crdownload=00;90:*.dpkg-dist=00;90:*.dpkg-new=00;90:*.dpkg-old=00;90:*.dpkg-tmp=00;90:*.old=00;90:*.orig=00;90:*.part=00;90:*.rej=00;90:*.rpmnew=00;90:*.rpmorig=00;90:*.rpmsave=00;90:*.swp=00;90:*.tmp=00;90:*.ucf-dist=00;90:*.ucf-new=00;90:*.ucf-old=00;90:', 'SSH_AUTH_SOCK': '/run/user/1000/keyring/ssh', 'AMENT_PREFIX_PATH': '/home/ritvik/rover_arm_ws/install/rover_arm_desc:/opt/ros/jazzy', 'SHELL': '/bin/bash', 'TERMINATOR_UUID': 'urn:uuid:b87d87f7-d4bd-4cb1-a42e-e4d83e1eebfd', 'QT_ACCESSIBILITY': '1', 'GDMSESSION': 'gnome', 'LESSCLOSE': '/usr/bin/lesspipe %s %s', 'ROS_AUTOMATIC_DISCOVERY_RANGE': 'SUBNET', 'QT_IM_MODULE': 'ibus', 'PWD': '/home/ritvik/Documents/MRT_ROS_WS/build/can_controller', 'LC_ALL': 'en_US.UTF-8', 'XDG_CONFIG_DIRS': '/etc/xdg/xdg-gnome:/etc/xdg', 'XDG_DATA_DIRS': '/usr/share/gnome:/usr/local/share/:/usr/share/:/var/lib/snapd/desktop', 'PYTHONPATH': '/home/ritvik/Documents/MRT_ROS_WS/build/can_controller/prefix_override:/usr/lib/python3/dist-packages/colcon_core/task/python/colcon_distutils_commands:/home/ritvik/Documents/MRT_ROS_WS/install/can_controller/lib/python3.12/site-packages:/opt/ros/jazzy/lib/python3.12/site-packages', 'COLCON': '1', 'MEMORY_PRESSURE_WRITE': 'c29tZSAyMDAwMDAgMjAwMDAwMAA=', 'VTE_VERSION': '7600', 'CMAKE_PREFIX_PATH': '/home/ritvik/rover_arm_ws/install/rover_arm_desc:/opt/ros/jazzy/opt/sdformat_vendor:/opt/ros/jazzy/opt/gz_math_vendor:/opt/ros/jazzy/opt/gz_utils_vendor:/opt/ros/jazzy/opt/gz_tools_vendor:/opt/ros/jazzy/opt/gz_cmake_vendor'}, 'shell': False}
[3.015397] (-) TimerEvent: {}
[3.015617] (drive_commands) Command: {'cmd': ['/usr/bin/python3', '-W', 'ignore:setup.py install is deprecated', '-W', 'ignore:easy_install command is deprecated', 'setup.py', 'egg_info', '--egg-base', '../../build/drive_commands', 'build', '--build-base', '/home/ritvik/Documents/MRT_ROS_WS/build/drive_commands/build', 'install', '--record', '/home/ritvik/Documents/MRT_ROS_WS/build/drive_commands/install.log', '--single-version-externally-managed', 'install_data'], 'cwd': '/home/ritvik/Documents/MRT_ROS_WS/src/drive_commands', 'env': {'LESSOPEN': '| /usr/bin/lesspipe %s', 'IGN_IP': '127.0.0.1', 'GZ_SIM_RESOURCE_PATH': '/home/ritvik/gazebo_models', 'LANGUAGE': 'en_IN:en', 'USER': 'ritvik', 'GZ_CONFIG_PATH': '/opt/ros/jazzy/opt/sdformat_vendor/share/gz', 'XDG_SESSION_TYPE': 'wayland', 'SALT_LICENSE_SERVER': '/home/ritvik/.altera.quartus/questa_lic.dat', 'STM32CubeMX_PATH': '/home/ritvik/STM32CubeMX', 'SHLVL': '1', 'LD_LIBRARY_PATH': '/opt/ros/jazzy/opt/sdformat_vendor/lib:/opt/ros/jazzy/opt/rviz_ogre_vendor/lib:/opt/ros/jazzy/lib/x86_64-linux-gnu:/opt/ros/jazzy/opt/gz_math_vendor/lib:/opt/ros/jazzy/opt/gz_utils_vendor/lib:/opt/ros/jazzy/opt/gz_tools_vendor/lib:/opt/ros/jazzy/opt/gz_cmake_vendor/lib:/opt/ros/jazzy/lib', 'HOME': '/home/ritvik', 'OLDPWD': '/home/ritvik', 'DESKTOP_SESSION': 'gnome', 'ROS_PYTHON_VERSION': '3', 'GTK_MODULES': 'gail:atk-bridge', 'MANAGERPID': '2522', 'SYSTEMD_EXEC_PID': '3016', 'GSM_SKIP_SSH_AGENT_WORKAROUND': 'true', 'DBUS_SESSION_BUS_ADDRESS': 'unix:path=/run/user/1000/bus', 'COLORTERM': 'truecolor', 'QSYS_ROOTDIR': '/home/ritvik/Documents/Quartus/quartus_install/quartus/sopc_builder/bin', 'TERMINATOR_DBUS_NAME': 'net.tenshu.Terminator25ef4b219e3b005583550f2b0f9f990c3', 'GIO_LAUNCHED_DESKTOP_FILE_PID': '8122', 'GNOME_KEYRING_CONTROL': '/run/user/1000/keyring', 'DEBUGINFOD_URLS': 'https://debuginfod.ubuntu.com', 'IM_CONFIG_PHASE': '1', 'WAYLAND_DISPLAY': 'wayland-0', 'COLCON_PREFIX_PATH': '/home/ritvik/rover_arm_ws/install', 'ROS_DISTRO': 'jazzy', 'LOGNAME': 'ritvik', 'SALT_LICENSE_FILE': ';/home/ritvik/.altera.quartus/questa_lic.dat', 'JOURNAL_STREAM': '9:13020', '_': '/usr/bin/colcon', 'ROS_VERSION': '2', 'MEMORY_PRESSURE_WATCH': '/sys/fs/cgroup/user.slice/user-1000.slice/user@1000.service/session.slice/org.gnome.SettingsDaemon.MediaKeys.service/memory.pressure', 'XDG_SESSION_CLASS': 'user', 'USERNAME': 'ritvik', 'STM32_PRG_PATH': '/home/ritvik/STMicroelectronics/STM32Cube/STM32CubeProgrammer/binexport', 'TERM': 'xterm-256color', 'GNOME_DESKTOP_SESSION_ID': 'this-is-deprecated', 'PATH': '/opt/ros/jazzy/opt/gz_tools_vendor/bin:/opt/ros/jazzy/bin:/home/ritvik/.cargo/bin:/home/ritvik/.local/bin:/usr/local/sbin:/usr/local/bin:/usr/sbin:/usr/bin:/sbin:/bin:/usr/games:/usr/local/games:/snap/bin:/snap/bin:/usr/local/MATLAB/R2025b/bin', 'SESSION_MANAGER': 'local/ritvik-ROG-Zephyrus-G14-GA403UM-GA403UM:@/tmp/.ICE-unix/2772,unix/ritvik-ROG-Zephyrus-G14-GA403UM-GA403UM:/tmp/.ICE-unix/2772', 'INVOCATION_ID': '3a93e962aab8443e9f6719c3682c35d4', 'XDG_MENU_PREFIX': 'gnome-', 'GNOME_SETUP_DISPLAY': ':1', 'LM_LICENSE_FILE': '/home/ritvik/Documents/Licenses/questa_license.dat', 'XDG_RUNTIME_DIR': '/run/user/1000', 'DISPLAY': ':0', 'TERMINATOR_DBUS_PATH': '/net/tenshu/Terminator2', 'LANG': 'en_US.UTF-8', 'XDG_CURRENT_DESKTOP': 'GNOME', 'RMW_IMPLEMENTATION': 'rmw_cyclonedds_cpp', 'XMODIFIERS': '@im=ibus', 'XDG_SESSION_DESKTOP': 'gnome', 'XAUTHORITY': '/run/user/1000/.mutter-Xwaylandauth.LOWXT3', 'LS_COLORS': 'rs=0:di=01;34:ln=01;36:mh=00:pi=40;33:so=01;35:do=01;35:bd=40;33;01:cd=40;33;01:or=40;31;01:mi=00:su=37;41:sg=30;43:ca=00:tw=30;42:ow=34;42:st=37;44:ex=01;32:*.tar=01;31:*.tgz=01;31:*.arc=01;31:*.arj=01;31:*.taz=01;31:*.lha=01;31:*.lz4=01;31:*.lzh=01;31:*.lzma=01;31:*.tlz=01;31:*.txz=01;31:*.tzo=01;31:*.t7z=01;31:*.zip=01;31:*.z=01;31:*.dz=01;31:*.gz=01;31:*.lrz=01;31:*.lz=01;31:*.lzo=01;31:*.xz=01;31:*.zst=01;31:*.tzst=01;31:*.bz2=01;31:*.bz=01;31:*.tbz=01;31:*.tbz2=01;31:*.tz=01;31:*.deb=01;31:*.rpm=01;31:*.jar=01;31:*.war=01;31:*.ear=01;31:*.sar=01;31:*.rar=01;31:*.alz=01;31:*.ace=01;31:*.zoo=01;31:*.cpio=01;31:*.7z=01;31:*.rz=01;31:*.cab=01;31:*.wim=01;31:*.swm=01;31:*.dwm=01;31:*.esd=01;31:*.avif=01;35:*.jpg=01;35:*.jpeg=01;35:*.mjpg=01;35:*.mjpeg=01;35:*.gif=01;35:*.bmp=01;35:*.pbm=01;35:*.pgm=01;35:*.ppm=01;35:*.tga=01;35:*.xbm=01;35:*.xpm=01;35:*.tif=01;35:*.tiff=01;35:*.png=01;35:*.svg=01;35:*.svgz=01;35:*.mng=01;35:*.pcx=01;35:*.mov=01;35:*.mpg=01;35:*.mpeg=01;35:*.m2v=01;35:*.mkv=01;35:*.webm=01;35:*.webp=01;35:*.ogm=01;35:*.mp4=01;35:*.m4v=01;35:*.mp4v=01;35:*.vob=01;35:*.qt=01;35:*.nuv=01;35:*.wmv=01;35:*.asf=01;35:*.rm=01;35:*.rmvb=01;35:*.flc=01;35:*.avi=01;35:*.fli=01;35:*.flv=01;35:*.gl=01;35:*.dl=01;35:*.xcf=01;35:*.xwd=01;35:*.yuv=01;35:*.cgm=01;35:*.emf=01;35:*.ogv=01;35:*.ogx=01;35:*.aac=00;36:*.au=00;36:*.flac=00;36:*.m4a=00;36:*.mid=00;36:*.midi=00;36:*.mka=00;36:*.mp3=00;36:*.mpc=00;36:*.ogg=00;36:*.ra=00;36:*.wav=00;36:*.oga=00;36:*.opus=00;36:*.spx=00;36:*.xspf=00;36:*~=00;90:*#=00;90:*.bak=00;90:*.crdownload=00;90:*.dpkg-dist=00;90:*.dpkg-new=00;90:*.dpkg-old=00;90:*.dpkg-tmp=00;90:*.old=00;90:*.orig=00;90:*.part=00;90:*.rej=00;90:*.rpmnew=00;90:*.rpmorig=00;90:*.rpmsave=00;90:*.swp=00;90:*.tmp=00;90:*.ucf-dist=00;90:*.ucf-new=00;90:*.ucf-old=00;90:', 'SSH_AUTH_SOCK': '/run/user/1000/keyring/ssh', 'AMENT_PREFIX_PATH': '/home/ritvik/rover_arm_ws/install/rover_arm_desc:/opt/ros/jazzy', 'SHELL': '/bin/bash', 'TERMINATOR_UUID': 'urn:uuid:b87d87f7-d4bd-4cb1-a42e-e4d83e1eebfd', 'QT_ACCESSIBILITY': '1', 'GDMSESSION': 'gnome', 'LESSCLOSE': '/usr/bin/lesspipe %s %s', 'ROS_AUTOMATIC_DISCOVERY_RANGE': 'SUBNET', 'QT_IM_MODULE': 'ibus', 'PWD': '/home/ritvik/Documents/MRT_ROS_WS/build/drive_commands', 'LC_ALL': 'en_US.UTF-8', 'XDG_CONFIG_DIRS': '/etc/xdg/xdg-gnome:/etc/xdg', 'XDG_DATA_DIRS': '/usr/share/gnome:/usr/local/share/:/usr/share/:/var/lib/snapd/desktop', 'PYTHONPATH': '/home/ritvik/Documents/MRT_ROS_WS/build/drive_commands/prefix_override:/usr/lib/python3/dist-packages/colcon_core/task/python/colcon_distutils_commands:/home/ritvik/Documents/MRT_ROS_WS/install/drive_commands/lib/python3.12/site-packages:/opt/ros/jazzy/lib/python3.12/site-packages', 'COLCON': '1', 'MEMORY_PRESSURE_WRITE': 'c29tZSAyMDAwMDAgMjAwMDAwMAA=', 'VTE_VERSION': '7600', 'CMAKE_PREFIX_PATH': '/home/ritvik/rover_arm_ws/install/rover_arm_desc:/opt/ros/jazzy/opt/sdformat_vendor:/opt/ros/jazzy/opt/gz_math_vendor:/opt/ros/jazzy/opt/gz_utils_vendor:/opt/ros/jazzy/opt/gz_tools_vendor:/opt/ros/jazzy/opt/gz_cmake_vendor'}, 'shell': False}
[3.019539] (arm_control) Command: {'cmd': ['/usr/bin/python3', '-W', 'ignore:setup.py install is deprecated', '-W', 'ignore:easy_install command is deprecated', 'setup.py', 'egg_info', '--egg-base', '../build/arm_control', 'build', '--build-base', '/home/ritvik/Documents/MRT_ROS_WS/build/arm_control/build', 'install', '--record', '/home/ritvik/Documents/MRT_ROS_WS/build/arm_control/install.log', '--single-version-externally-managed', 'install_data'], 'cwd': '/home/ritvik/Documents/MRT_ROS_WS/arm_control', 'env': {'LESSOPEN': '| /usr/bin/lesspipe %s', 'IGN_IP': '127.0.0.1', 'GZ_SIM_RESOURCE_PATH': '/home/ritvik/gazebo_models', 'LANGUAGE': 'en_IN:en', 'USER': 'ritvik', 'GZ_CONFIG_PATH': '/opt/ros/jazzy/opt/sdformat_vendor/share/gz', 'XDG_SESSION_TYPE': 'wayland', 'SALT_LICENSE_SERVER': '/home/ritvik/.altera.quartus/questa_lic.dat', 'STM32CubeMX_PATH': '/home/ritvik/STM32CubeMX', 'SHLVL': '1', 'LD_LIBRARY_PATH': '/opt/ros/jazzy/opt/sdformat_vendor/lib:/opt/ros/jazzy/opt/rviz_ogre_vendor/lib:/opt/ros/jazzy/lib/x86_64-linux-gnu:/opt/ros/jazzy/opt/gz_math_vendor/lib:/opt/ros/jazzy/opt/gz_utils_vendor/lib:/opt/ros/jazzy/opt/gz_tools_vendor/lib:/opt/ros/jazzy/opt/gz_cmake_vendor/lib:/opt/ros/jazzy/lib', 'HOME': '/home/ritvik', 'OLDPWD': '/home/ritvik', 'DESKTOP_SESSION': 'gnome', 'ROS_PYTHON_VERSION': '3', 'GTK_MODULES': 'gail:atk-bridge', 'MANAGERPID': '2522', 'SYSTEMD_EXEC_PID': '3016', 'GSM_SKIP_SSH_AGENT_WORKAROUND': 'true', 'DBUS_SESSION_BUS_ADDRESS': 'unix:path=/run/user/1000/bus', 'COLORTERM': 'truecolor', 'QSYS_ROOTDIR': '/home/ritvik/Documents/Quartus/quartus_install/quartus/sopc_builder/bin', 'TERMINATOR_DBUS_NAME': 'net.tenshu.Terminator25ef4b219e3b005583550f2b0f9f990c3', 'GIO_LAUNCHED_DESKTOP_FILE_PID': '8122', 'GNOME_KEYRING_CONTROL': '/run/user/1000/keyring', 'DEBUGINFOD_URLS': 'https://debuginfod.ubuntu.com', 'IM_CONFIG_PHASE': '1', 'WAYLAND_DISPLAY': 'wayland-0', 'COLCON_PREFIX_PATH': '/home/ritvik/rover_arm_ws/install', 'ROS_DISTRO': 'jazzy', 'LOGNAME': 'ritvik', 'SALT_LICENSE_FILE': ';/home/ritvik/.altera.quartus/questa_lic.dat', 'JOURNAL_STREAM': '9:13020', '_': '/usr/bin/colcon', 'ROS_VERSION': '2', 'MEMORY_PRESSURE_WATCH': '/sys/fs/cgroup/user.slice/user-1000.slice/user@1000.service/session.slice/org.gnome.SettingsDaemon.MediaKeys.service/memory.pressure', 'XDG_SESSION_CLASS': 'user', 'USERNAME': 'ritvik', 'STM32_PRG_PATH': '/home/ritvik/STMicroelectronics/STM32Cube/STM32CubeProgrammer/binexport', 'TERM': 'xterm-256color', 'GNOME_DESKTOP_SESSION_ID': 'this-is-deprecated', 'PATH': '/opt/ros/jazzy/opt/gz_tools_vendor/bin:/opt/ros/jazzy/bin:/home/ritvik/.cargo/bin:/home/ritvik/.local/bin:/usr/local/sbin:/usr/local/bin:/usr/sbin:/usr/bin:/sbin:/bin:/usr/games:/usr/local/games:/snap/bin:/snap/bin:/usr/local/MATLAB/R2025b/bin', 'SESSION_MANAGER': 'local/ritvik-ROG-Zephyrus-G14-GA403UM-GA403UM:@/tmp/.ICE-unix/2772,unix/ritvik-ROG-Zephyrus-G14-GA403UM-GA403UM:/tmp/.ICE-unix/2772', 'INVOCATION_ID': '3a93e962aab8443e9f6719c3682c35d4', 'XDG_MENU_PREFIX': 'gnome-', 'GNOME_SETUP_DISPLAY': ':1', 'LM_LICENSE_FILE': '/home/ritvik/Documents/Licenses/questa_license.dat', 'XDG_RUNTIME_DIR': '/run/user/1000', 'DISPLAY': ':0', 'TERMINATOR_DBUS_PATH': '/net/tenshu/Terminator2', 'LANG': 'en_US.UTF-8', 'XDG_CURRENT_DESKTOP': 'GNOME', 'RMW_IMPLEMENTATION': 'rmw_cyclonedds_cpp', 'XMODIFIERS': '@im=ibus', 'XDG_SESSION_DESKTOP': 'gnome', 'XAUTHORITY': '/run/user/1000/.mutter-Xwaylandauth.LOWXT3', 'LS_COLORS': 'rs=0:di=01;34:ln=01;36:mh=00:pi=40;33:so=01;35:do=01;35:bd=40;33;01:cd=40;33;01:or=40;31;01:mi=00:su=37;41:sg=30;43:ca=00:tw=30;42:ow=34;42:st=37;44:ex=01;32:*.tar=01;31:*.tgz=01;31:*.arc=01;31:*.arj=01;31:*.taz=01;31:*.lha=01;31:*.lz4=01;31:*.lzh=01;31:*.lzma=01;31:*.tlz=01;31:*.txz=01;31:*.tzo=01;31:*.t7z=01;31:*.zip=01;31:*.z=01;31:*.dz=01;31:*.gz=01;31:*.lrz=01;31:*.lz=01;31:*.lzo=01;31:*.xz=01;31:*.zst=01;31:*.tzst=01;31:*.bz2=01;31:*.bz=01;31:*.tbz=01;31:*.tbz2=01;31:*.tz=01;31:*.deb=01;31:*.rpm=01;31:*.jar=01;31:*.war=01;31:*.ear=01;31:*.sar=01;31:*.rar=01;31:*.alz=01;31:*.ace=01;31:*.zoo=01;31:*.cpio=01;31:*.7z=01;31:*.rz=01;31:*.cab=01;31:*.wim=01;31:*.swm=01;31:*.dwm=01;31:*.esd=01;31:*.avif=01;35:*.jpg=01;35:*.jpeg=01;35:*.mjpg=01;35:*.mjpeg=01;35:*.gif=01;35:*.bmp=01;35:*.pbm=01;35:*.pgm=01;35:*.ppm=01;35:*.tga=01;35:*.xbm=01;35:*.xpm=01;35:*.tif=01;35:*.tiff=01;35:*.png=01;35:*.svg=01;35:*.svgz=01;35:*.mng=01;35:*.pcx=01;35:*.mov=01;35:*.mpg=01;35:*.mpeg=01;35:*.m2v=01;35:*.mkv=01;35:*.webm=01;35:*.webp=01;35:*.ogm=01;35:*.mp4=01;35:*.m4v=01;35:*.mp4v=01;35:*.vob=01;35:*.qt=01;35:*.nuv=01;35:*.wmv=01;35:*.asf=01;35:*.rm=01;35:*.rmvb=01;35:*.flc=01;35:*.avi=01;35:*.fli=01;35:*.flv=01;35:*.gl=01;35:*.dl=01;35:*.xcf=01;35:*.xwd=01;35:*.yuv=01;35:*.cgm=01;35:*.emf=01;35:*.ogv=01;35:*.ogx=01;35:*.aac=00;36:*.au=00;36:*.flac=00;36:*.m4a=00;36:*.mid=00;36:*.midi=00;36:*.mka=00;36:*.mp3=00;36:*.mpc=00;36:*.ogg=00;36:*.ra=00;36:*.wav=00;36:*.oga=00;36:*.opus=00;36:*.spx=00;36:*.xspf=00;36:*~=00;90:*#=00;90:*.bak=00;90:*.crdownload=00;90:*.dpkg-dist=00;90:*.dpkg-new=00;90:*.dpkg-old=00;90:*.dpkg-tmp=00;90:*.old=00;90:*.orig=00;90:*.part=00;90:*.rej=00;90:*.rpmnew=00;90:*.rpmorig=00;90:*.rpmsave=00;90:*.swp=00;90:*.tmp=00;90:*.ucf-dist=00;90:*.ucf-new=00;90:*.ucf-old=00;90:', 'SSH_AUTH_SOCK': '/run/user/1000/keyring/ssh', 'AMENT_PREFIX_PATH': '/home/ritvik/rover_arm_ws/install/rover_arm_desc:/opt/ros/jazzy', 'SHELL': '/bin/bash', 'TERMINATOR_UUID': 'urn:uuid:b87d87f7-d4bd-4cb1-a42e-e4d83e1eebfd', 'QT_ACCESSIBILITY': '1', 'GDMSESSION': 'gnome', 'LESSCLOSE': '/usr/bin/lesspipe %s %s', 'ROS_AUTOMATIC_DISCOVERY_RANGE': 'SUBNET', 'QT_IM_MODULE': 'ibus', 'PWD': '/home/ritvik/Documents/MRT_ROS_WS/build/arm_control', 'LC_ALL': 'en_US.UTF-8', 'XDG_CONFIG_DIRS': '/etc/xdg/xdg-gnome:/etc/xdg', 'XDG_DATA_DIRS': '/usr/share/gnome:/usr/local/share/:/usr/share/:/var/lib/snapd/desktop', 'PYTHONPATH': '/home/ritvik/Documents/MRT_ROS_WS/build/arm_control/prefix_override:/usr/lib/python3/dist-packages/colcon_core/task/python/colcon_distutils_commands:/home/ritvik/Documents/MRT_ROS_WS/install/arm_control/lib/python3.12/site-packages:/opt/ros/jazzy/lib/python3.12/site-packages', 'COLCON': '1', 'MEMORY_PRESSURE_WRITE': 'c29tZSAyMDAwMDAgMjAwMDAwMAA=', 'VTE_VERSION': '7600', 'CMAKE_PREFIX_PATH': '/home/ritvik/rover_arm_ws/install/rover_arm_desc:/opt/ros/jazzy/opt/sdformat_vendor:/opt/ros/jazzy/opt/gz_math_vendor:/opt/ros/jazzy/opt/gz_utils_vendor:/opt/ros/jazzy/opt/gz_tools_vendor:/opt/ros/jazzy/opt/gz_cmake_vendor'}, 'shell': False}
[3.115561] (-) TimerEvent: {}
[3.215989] (-) TimerEvent: {}
[3.316356] (-) TimerEvent: {}
[3.416793] (-) TimerEvent: {}
[3.437030] (can_interfaces) StdoutLine: {'line': b'-- Found Python3: /usr/bin/python3 (found version "3.12.3") found components: Interpreter Development NumPy Development.Module Development.Embed \n'}
[3.516956] (-) TimerEvent: {}
[3.519910] (can_interfaces) StdoutLine: {'line': b'-- Found Python3: /usr/bin/python3 (found version "3.12.3") found components: Interpreter \n'}
[3.524571] (can_interfaces) StdoutLine: {'line': b'-- Found ament_lint_auto: 0.17.5 (/opt/ros/jazzy/share/ament_lint_auto/cmake)\n'}
[3.551337] (can_controller) StdoutLine: {'line': b'running egg_info\n'}
[3.559104] (drive_commands) StdoutLine: {'line': b'running egg_info\n'}
[3.566890] (can_interfaces) StdoutLine: {'line': b"-- Added test 'lint_cmake' to check CMake code style\n"}
[3.569669] (arm_control) StdoutLine: {'line': b'running egg_info\n'}
[3.569991] (can_interfaces) StdoutLine: {'line': b"-- Added test 'xmllint' to check XML markup files\n"}
[3.578729] (can_interfaces) StdoutLine: {'line': b'-- Configuring done (2.5s)\n'}
[3.588109] (can_controller) StdoutLine: {'line': b'writing ../../build/can_controller/can_controller.egg-info/PKG-INFO\n'}
[3.588590] (can_controller) StdoutLine: {'line': b'writing dependency_links to ../../build/can_controller/can_controller.egg-info/dependency_links.txt\n'}
[3.589166] (can_controller) StdoutLine: {'line': b'writing entry points to ../../build/can_controller/can_controller.egg-info/entry_points.txt\n'}
[3.589772] (can_controller) StdoutLine: {'line': b'writing requirements to ../../build/can_controller/can_controller.egg-info/requires.txt\n'}
[3.589974] (can_controller) StdoutLine: {'line': b'writing top-level names to ../../build/can_controller/can_controller.egg-info/top_level.txt\n'}
[3.597078] (drive_commands) StdoutLine: {'line': b'writing ../../build/drive_commands/drive_commands.egg-info/PKG-INFO\n'}
[3.597653] (drive_commands) StdoutLine: {'line': b'writing dependency_links to ../../build/drive_commands/drive_commands.egg-info/dependency_links.txt\n'}
[3.598152] (drive_commands) StdoutLine: {'line': b'writing entry points to ../../build/drive_commands/drive_commands.egg-info/entry_points.txt\n'}
[3.598614] (drive_commands) StdoutLine: {'line': b'writing requirements to ../../build/drive_commands/drive_commands.egg-info/requires.txt\n'}
[3.598964] (drive_commands) StdoutLine: {'line': b'writing top-level names to ../../build/drive_commands/drive_commands.egg-info/top_level.txt\n'}
[3.607092] (arm_control) StdoutLine: {'line': b'writing ../build/arm_control/arm_control.egg-info/PKG-INFO\n'}
[3.607533] (arm_control) StdoutLine: {'line': b'writing dependency_links to ../build/arm_control/arm_control.egg-info/dependency_links.txt\n'}
[3.607890] (arm_control) StdoutLine: {'line': b'writing requirements to ../build/arm_control/arm_control.egg-info/requires.txt\n'}
[3.608095] (arm_control) StdoutLine: {'line': b'writing top-level names to ../build/arm_control/arm_control.egg-info/top_level.txt\n'}
[3.617031] (-) TimerEvent: {}
[3.661194] (can_interfaces) StdoutLine: {'line': b'-- Generating done (0.1s)\n'}
[3.666058] (can_controller) StdoutLine: {'line': b"reading manifest file '../../build/can_controller/can_controller.egg-info/SOURCES.txt'\n"}
[3.668077] (can_controller) StdoutLine: {'line': b"writing manifest file '../../build/can_controller/can_controller.egg-info/SOURCES.txt'\n"}
[3.668339] (can_controller) StdoutLine: {'line': b'running build\n'}
[3.668478] (can_controller) StdoutLine: {'line': b'running build_py\n'}
[3.668928] (can_controller) StdoutLine: {'line': b'copying can_controller/can_controller.py -> /home/ritvik/Documents/MRT_ROS_WS/build/can_controller/build/lib/can_controller\n'}
[3.669553] (can_controller) StdoutLine: {'line': b'running install\n'}
[3.674266] (arm_control) StdoutLine: {'line': b"reading manifest file '../build/arm_control/arm_control.egg-info/SOURCES.txt'\n"}
[3.675803] (drive_commands) StdoutLine: {'line': b"reading manifest file '../../build/drive_commands/drive_commands.egg-info/SOURCES.txt'\n"}
[3.676223] (arm_control) StdoutLine: {'line': b"writing manifest file '../build/arm_control/arm_control.egg-info/SOURCES.txt'\n"}
[3.676604] (arm_control) StdoutLine: {'line': b'running build\n'}
[3.676856] (arm_control) StdoutLine: {'line': b'running build_py\n'}
[3.677171] (arm_control) StdoutLine: {'line': b'running install\n'}
[3.677731] (drive_commands) StdoutLine: {'line': b"writing manifest file '../../build/drive_commands/drive_commands.egg-info/SOURCES.txt'\n"}
[3.678019] (drive_commands) StdoutLine: {'line': b'running build\n'}
[3.678202] (drive_commands) StdoutLine: {'line': b'running build_py\n'}
[3.678718] (drive_commands) StdoutLine: {'line': b'running install\n'}
[3.681878] (can_controller) StdoutLine: {'line': b'running install_lib\n'}
[3.684490] (can_interfaces) StdoutLine: {'line': b'-- Build files have been written to: /home/ritvik/Documents/MRT_ROS_WS/build/can_interfaces\n'}
[3.689316] (arm_control) StdoutLine: {'line': b'running install_lib\n'}
[3.690873] (drive_commands) StdoutLine: {'line': b'running install_lib\n'}
[3.717162] (-) TimerEvent: {}
[3.722302] (can_controller) StdoutLine: {'line': b'copying /home/ritvik/Documents/MRT_ROS_WS/build/can_controller/build/lib/can_controller/can_controller.py -> /home/ritvik/Documents/MRT_ROS_WS/install/can_controller/lib/python3.12/site-packages/can_controller\n'}
[3.722709] (can_controller) StdoutLine: {'line': b'byte-compiling /home/ritvik/Documents/MRT_ROS_WS/install/can_controller/lib/python3.12/site-packages/can_controller/can_controller.py to can_controller.cpython-312.pyc\n'}
[3.723392] (can_controller) StdoutLine: {'line': b'running install_data\n'}
[3.723737] (can_controller) StdoutLine: {'line': b'running install_egg_info\n'}
[3.728350] (arm_control) StdoutLine: {'line': b'running install_data\n'}
[3.729507] (arm_control) StdoutLine: {'line': b'running install_egg_info\n'}
[3.729768] (drive_commands) StdoutLine: {'line': b'running install_data\n'}
[3.729993] (drive_commands) StdoutLine: {'line': b'running install_egg_info\n'}
[3.760281] (can_interfaces) StdoutLine: {'line': b'[  1%] \x1b[34m\x1b[1mGenerating Rust code for ROS interfaces\x1b[0m\n'}
[3.762424] (can_interfaces) StdoutLine: {'line': b'[  3%] \x1b[34m\x1b[1mGenerating type hashes for ROS interfaces\x1b[0m\n'}
[3.764285] (can_controller) StdoutLine: {'line': b"removing '/home/ritvik/Documents/MRT_ROS_WS/install/can_controller/lib/python3.12/site-packages/can_controller-0.0.0-py3.12.egg-info' (and everything under it)\n"}
[3.764515] (can_controller) StdoutLine: {'line': b'Copying ../../build/can_controller/can_controller.egg-info to /home/ritvik/Documents/MRT_ROS_WS/install/can_controller/lib/python3.12/site-packages/can_controller-0.0.0-py3.12.egg-info\n'}
[3.766854] (can_controller) StdoutLine: {'line': b'running install_scripts\n'}
[3.769281] (drive_commands) StdoutLine: {'line': b"removing '/home/ritvik/Documents/MRT_ROS_WS/install/drive_commands/lib/python3.12/site-packages/drive_commands-0.0.0-py3.12.egg-info' (and everything under it)\n"}
[3.771290] (drive_commands) StdoutLine: {'line': b'Copying ../../build/drive_commands/drive_commands.egg-info to /home/ritvik/Documents/MRT_ROS_WS/install/drive_commands/lib/python3.12/site-packages/drive_commands-0.0.0-py3.12.egg-info\n'}
[3.772020] (arm_control) StdoutLine: {'line': b"removing '/home/ritvik/Documents/MRT_ROS_WS/install/arm_control/lib/python3.12/site-packages/arm_control-0.0.0-py3.12.egg-info' (and everything under it)\n"}
[3.772570] (arm_control) StdoutLine: {'line': b'Copying ../build/arm_control/arm_control.egg-info to /home/ritvik/Documents/MRT_ROS_WS/install/arm_control/lib/python3.12/site-packages/arm_control-0.0.0-py3.12.egg-info\n'}
[3.772820] (drive_commands) StdoutLine: {'line': b'running install_scripts\n'}
[3.774081] (arm_control) StdoutLine: {'line': b'running install_scripts\n'}
[3.784823] (can_interfaces) StdoutLine: {'line': b'[  3%] Built target ament_cmake_python_copy_can_interfaces\n'}
[3.817342] (-) TimerEvent: {}
[3.917749] (-) TimerEvent: {}
[4.018202] (-) TimerEvent: {}
[4.055267] (drive_commands) StdoutLine: {'line': b'Installing drive_command_test script to /home/ritvik/Documents/MRT_ROS_WS/install/drive_commands/lib/drive_commands\n'}
[4.056105] (drive_commands) StdoutLine: {'line': b"writing list of installed files to '/home/ritvik/Documents/MRT_ROS_WS/build/drive_commands/install.log'\n"}
[4.057128] (arm_control) StdoutLine: {'line': b"writing list of installed files to '/home/ritvik/Documents/MRT_ROS_WS/build/arm_control/install.log'\n"}
[4.061379] (can_controller) StdoutLine: {'line': b'Installing can_controller script to /home/ritvik/Documents/MRT_ROS_WS/install/can_controller/lib/can_controller\n'}
[4.062196] (can_controller) StdoutLine: {'line': b"writing list of installed files to '/home/ritvik/Documents/MRT_ROS_WS/build/can_controller/install.log'\n"}
[4.118349] (-) TimerEvent: {}
[4.120306] (arm_control) CommandEnded: {'returncode': 0}
[4.151894] (arm_control) JobEnded: {'identifier': 'arm_control', 'rc': 0}
[4.155342] (can_controller) CommandEnded: {'returncode': 0}
[4.165827] (can_controller) JobEnded: {'identifier': 'can_controller', 'rc': 0}
[4.169017] (drive_commands) CommandEnded: {'returncode': 0}
[4.184127] (drive_commands) JobEnded: {'identifier': 'drive_commands', 'rc': 0}
[4.218565] (-) TimerEvent: {}
[4.275976] (can_interfaces) StdoutLine: {'line': b'running egg_info\n'}
[4.280627] (can_interfaces) StdoutLine: {'line': b'[  3%] Built target can_interfaces__rosidl_generator_type_description\n'}
[4.303303] (can_interfaces) StdoutLine: {'line': b'[  5%] \x1b[34m\x1b[1mGenerating C code for ROS interfaces\x1b[0m\n'}
[4.311289] (can_interfaces) StdoutLine: {'line': b'writing can_interfaces.egg-info/PKG-INFO\n'}
[4.311579] (can_interfaces) StdoutLine: {'line': b'writing dependency_links to can_interfaces.egg-info/dependency_links.txt\n'}
[4.313501] (can_interfaces) StdoutLine: {'line': b'writing top-level names to can_interfaces.egg-info/top_level.txt\n'}
[4.318642] (-) TimerEvent: {}
[4.328432] (can_interfaces) StdoutLine: {'line': b'[  7%] \x1b[34m\x1b[1mGenerating C++ code for ROS interfaces\x1b[0m\n'}
[4.328770] (can_interfaces) StdoutLine: {'line': b'[  7%] Built target can_interfaces__rs\n'}
[4.413134] (can_interfaces) StdoutLine: {'line': b"reading manifest file 'can_interfaces.egg-info/SOURCES.txt'\n"}
[4.414512] (can_interfaces) StdoutLine: {'line': b"writing manifest file 'can_interfaces.egg-info/SOURCES.txt'\n"}
[4.418784] (-) TimerEvent: {}
[4.480912] (can_interfaces) StdoutLine: {'line': b'[  7%] Built target ament_cmake_python_build_can_interfaces_egg\n'}
[4.518957] (-) TimerEvent: {}
[4.619467] (-) TimerEvent: {}
[4.719973] (-) TimerEvent: {}
[4.820337] (-) TimerEvent: {}
[4.920771] (-) TimerEvent: {}
[4.935657] (can_interfaces) StdoutLine: {'line': b'[  7%] Built target can_interfaces__cpp\n'}
[5.020932] (-) TimerEvent: {}
[5.056174] (can_interfaces) StdoutLine: {'line': b'[ 10%] \x1b[32mBuilding C object CMakeFiles/can_interfaces__rosidl_generator_c.dir/rosidl_generator_c/can_interfaces/msg/detail/drive_command__functions.c.o\x1b[0m\n'}
[5.056735] (can_interfaces) StdoutLine: {'line': b'[ 10%] \x1b[32mBuilding C object CMakeFiles/can_interfaces__rosidl_generator_c.dir/rosidl_generator_c/can_interfaces/msg/detail/drive_command__description.c.o\x1b[0m\n'}
[5.057267] (can_interfaces) StdoutLine: {'line': b'[ 12%] \x1b[32mBuilding C object CMakeFiles/can_interfaces__rosidl_generator_c.dir/rosidl_generator_c/can_interfaces/msg/detail/can_queue__description.c.o\x1b[0m\n'}
[5.057626] (can_interfaces) StdoutLine: {'line': b'[ 14%] \x1b[32mBuilding C object CMakeFiles/can_interfaces__rosidl_generator_c.dir/rosidl_generator_c/can_interfaces/msg/detail/mobility_data__description.c.o\x1b[0m\n'}
[5.058591] (can_interfaces) StdoutLine: {'line': b'[ 18%] \x1b[32mBuilding C object CMakeFiles/can_interfaces__rosidl_generator_c.dir/rosidl_generator_c/can_interfaces/msg/detail/can_queue__type_support.c.o\x1b[0m\n'}
[5.058810] (can_interfaces) StdoutLine: {'line': b'[ 18%] \x1b[32mBuilding C object CMakeFiles/can_interfaces__rosidl_generator_c.dir/rosidl_generator_c/can_interfaces/msg/detail/can_queue__functions.c.o\x1b[0m\n'}
[5.058976] (can_interfaces) StdoutLine: {'line': b'[ 20%] \x1b[32mBuilding C object CMakeFiles/can_interfaces__rosidl_generator_c.dir/rosidl_generator_c/can_interfaces/msg/detail/drive_command__type_support.c.o\x1b[0m\n'}
[5.060881] (can_interfaces) StdoutLine: {'line': b'[ 23%] \x1b[32mBuilding C object CMakeFiles/can_interfaces__rosidl_generator_c.dir/rosidl_generator_c/can_interfaces/msg/detail/mobility_data__type_support.c.o\x1b[0m\n'}
[5.061138] (can_interfaces) StdoutLine: {'line': b'[ 23%] \x1b[32mBuilding C object CMakeFiles/can_interfaces__rosidl_generator_c.dir/rosidl_generator_c/can_interfaces/msg/detail/mobility_data__functions.c.o\x1b[0m\n'}
[5.121089] (-) TimerEvent: {}
[5.183036] (can_interfaces) StdoutLine: {'line': b'[ 25%] \x1b[32m\x1b[1mLinking C shared library libcan_interfaces__rosidl_generator_c.so\x1b[0m\n'}
[5.221262] (-) TimerEvent: {}
[5.261240] (can_interfaces) StdoutLine: {'line': b'[ 25%] Built target can_interfaces__rosidl_generator_c\n'}
[5.277903] (can_interfaces) StdoutLine: {'line': b'[ 32%] \x1b[34m\x1b[1mGenerating C introspection for ROS interfaces\x1b[0m\n'}
[5.278217] (can_interfaces) StdoutLine: {'line': b'[ 32%] \x1b[34m\x1b[1mGenerating C++ type support dispatch for ROS interfaces\x1b[0m\n'}
[5.278473] (can_interfaces) StdoutLine: {'line': b'[ 32%] \x1b[34m\x1b[1mGenerating C++ introspection for ROS interfaces\x1b[0m\n'}
[5.278623] (can_interfaces) StdoutLine: {'line': b'[ 32%] \x1b[34m\x1b[1mGenerating C type support for eProsima Fast-RTPS\x1b[0m\n'}
[5.278779] (can_interfaces) StdoutLine: {'line': b'[ 34%] \x1b[34m\x1b[1mGenerating C type support dispatch for ROS interfaces\x1b[0m\n'}
[5.278959] (can_interfaces) StdoutLine: {'line': b'[ 36%] \x1b[34m\x1b[1mGenerating C++ type support for eProsima Fast-RTPS\x1b[0m\n'}
[5.321361] (-) TimerEvent: {}
[5.421729] (-) TimerEvent: {}
[5.522069] (-) TimerEvent: {}
[5.622396] (-) TimerEvent: {}
[5.659061] (can_interfaces) StdoutLine: {'line': b'[ 38%] \x1b[32mBuilding CXX object CMakeFiles/can_interfaces__rosidl_typesupport_c.dir/rosidl_typesupport_c/can_interfaces/msg/drive_command__type_support.cpp.o\x1b[0m\n'}
[5.659649] (can_interfaces) StdoutLine: {'line': b'[ 40%] \x1b[32mBuilding CXX object CMakeFiles/can_interfaces__rosidl_typesupport_c.dir/rosidl_typesupport_c/can_interfaces/msg/can_queue__type_support.cpp.o\x1b[0m\n'}
[5.659835] (can_interfaces) StdoutLine: {'line': b'[ 41%] \x1b[32mBuilding CXX object CMakeFiles/can_interfaces__rosidl_typesupport_c.dir/rosidl_typesupport_c/can_interfaces/msg/mobility_data__type_support.cpp.o\x1b[0m\n'}
[5.664489] (can_interfaces) StdoutLine: {'line': b'[ 43%] \x1b[32mBuilding CXX object CMakeFiles/can_interfaces__rosidl_typesupport_cpp.dir/rosidl_typesupport_cpp/can_interfaces/msg/drive_command__type_support.cpp.o\x1b[0m\n'}
[5.664761] (can_interfaces) StdoutLine: {'line': b'[ 45%] \x1b[32mBuilding CXX object CMakeFiles/can_interfaces__rosidl_typesupport_cpp.dir/rosidl_typesupport_cpp/can_interfaces/msg/can_queue__type_support.cpp.o\x1b[0m\n'}
[5.664934] (can_interfaces) StdoutLine: {'line': b'[ 47%] \x1b[32mBuilding CXX object CMakeFiles/can_interfaces__rosidl_typesupport_cpp.dir/rosidl_typesupport_cpp/can_interfaces/msg/mobility_data__type_support.cpp.o\x1b[0m\n'}
[5.685643] (can_interfaces) StdoutLine: {'line': b'[ 52%] \x1b[32mBuilding C object CMakeFiles/can_interfaces__rosidl_typesupport_introspection_c.dir/rosidl_typesupport_introspection_c/can_interfaces/msg/detail/can_queue__type_support.c.o\x1b[0m\n'}
[5.687078] (can_interfaces) StdoutLine: {'line': b'[ 52%] \x1b[32mBuilding C object CMakeFiles/can_interfaces__rosidl_typesupport_introspection_c.dir/rosidl_typesupport_introspection_c/can_interfaces/msg/detail/drive_command__type_support.c.o\x1b[0m\n'}
[5.687441] (can_interfaces) StdoutLine: {'line': b'[ 54%] \x1b[32mBuilding C object CMakeFiles/can_interfaces__rosidl_typesupport_introspection_c.dir/rosidl_typesupport_introspection_c/can_interfaces/msg/detail/mobility_data__type_support.c.o\x1b[0m\n'}
[5.687595] (can_interfaces) StdoutLine: {'line': b'[ 52%] \x1b[32mBuilding CXX object CMakeFiles/can_interfaces__rosidl_typesupport_introspection_cpp.dir/rosidl_typesupport_introspection_cpp/can_interfaces/msg/detail/drive_command__type_support.cpp.o\x1b[0m\n'}
[5.687675] (can_interfaces) StdoutLine: {'line': b'[ 56%] \x1b[32mBuilding CXX object CMakeFiles/can_interfaces__rosidl_typesupport_introspection_cpp.dir/rosidl_typesupport_introspection_cpp/can_interfaces/msg/detail/can_queue__type_support.cpp.o\x1b[0m\n'}
[5.687774] (can_interfaces) StdoutLine: {'line': b'[ 58%] \x1b[32mBuilding CXX object CMakeFiles/can_interfaces__rosidl_typesupport_introspection_cpp.dir/rosidl_typesupport_introspection_cpp/can_interfaces/msg/detail/mobility_data__type_support.cpp.o\x1b[0m\n'}
[5.722520] (-) TimerEvent: {}
[5.749612] (can_interfaces) StdoutLine: {'line': b'[ 60%] \x1b[32m\x1b[1mLinking C shared library libcan_interfaces__rosidl_typesupport_introspection_c.so\x1b[0m\n'}
[5.763654] (can_interfaces) StdoutLine: {'line': b'[ 63%] \x1b[32mBuilding CXX object CMakeFiles/can_interfaces__rosidl_typesupport_fastrtps_cpp.dir/rosidl_typesupport_fastrtps_cpp/can_interfaces/msg/detail/dds_fastrtps/can_queue__type_support.cpp.o\x1b[0m\n'}
[5.763942] (can_interfaces) StdoutLine: {'line': b'[ 63%] \x1b[32mBuilding CXX object CMakeFiles/can_interfaces__rosidl_typesupport_fastrtps_cpp.dir/rosidl_typesupport_fastrtps_cpp/can_interfaces/msg/detail/dds_fastrtps/drive_command__type_support.cpp.o\x1b[0m\n'}
[5.764057] (can_interfaces) StdoutLine: {'line': b'[ 65%] \x1b[32mBuilding CXX object CMakeFiles/can_interfaces__rosidl_typesupport_fastrtps_cpp.dir/rosidl_typesupport_fastrtps_cpp/can_interfaces/msg/detail/dds_fastrtps/mobility_data__type_support.cpp.o\x1b[0m\n'}
[5.781128] (can_interfaces) StdoutLine: {'line': b'[ 67%] \x1b[32m\x1b[1mLinking CXX shared library libcan_interfaces__rosidl_typesupport_c.so\x1b[0m\n'}
[5.791656] (can_interfaces) StdoutLine: {'line': b'[ 67%] Built target can_interfaces__rosidl_typesupport_introspection_c\n'}
[5.810140] (can_interfaces) StdoutLine: {'line': b'[ 70%] \x1b[32mBuilding CXX object CMakeFiles/can_interfaces__rosidl_typesupport_fastrtps_c.dir/rosidl_typesupport_fastrtps_c/can_interfaces/msg/detail/can_queue__type_support_c.cpp.o\x1b[0m\n'}
[5.811103] (can_interfaces) StdoutLine: {'line': b'[ 70%] \x1b[32mBuilding CXX object CMakeFiles/can_interfaces__rosidl_typesupport_fastrtps_c.dir/rosidl_typesupport_fastrtps_c/can_interfaces/msg/detail/drive_command__type_support_c.cpp.o\x1b[0m\n'}
[5.811313] (can_interfaces) StdoutLine: {'line': b'[ 72%] \x1b[32mBuilding CXX object CMakeFiles/can_interfaces__rosidl_typesupport_fastrtps_c.dir/rosidl_typesupport_fastrtps_c/can_interfaces/msg/detail/mobility_data__type_support_c.cpp.o\x1b[0m\n'}
[5.822638] (-) TimerEvent: {}
[5.844196] (can_interfaces) StdoutLine: {'line': b'[ 72%] Built target can_interfaces__rosidl_typesupport_c\n'}
[5.922765] (-) TimerEvent: {}
[6.023329] (-) TimerEvent: {}
[6.105273] (can_interfaces) StdoutLine: {'line': b'[ 74%] \x1b[32m\x1b[1mLinking CXX shared library libcan_interfaces__rosidl_typesupport_cpp.so\x1b[0m\n'}
[6.123453] (-) TimerEvent: {}
[6.153181] (can_interfaces) StdoutLine: {'line': b'[ 74%] Built target can_interfaces__rosidl_typesupport_cpp\n'}
[6.171740] (can_interfaces) StdoutLine: {'line': b'[ 76%] \x1b[32m\x1b[1mLinking CXX shared library libcan_interfaces__rosidl_typesupport_introspection_cpp.so\x1b[0m\n'}
[6.223578] (-) TimerEvent: {}
[6.248597] (can_interfaces) StdoutLine: {'line': b'[ 76%] Built target can_interfaces__rosidl_typesupport_introspection_cpp\n'}
[6.279677] (can_interfaces) StdoutLine: {'line': b'[ 78%] \x1b[32m\x1b[1mLinking CXX shared library libcan_interfaces__rosidl_typesupport_fastrtps_c.so\x1b[0m\n'}
[6.323734] (-) TimerEvent: {}
[6.324478] (can_interfaces) StdoutLine: {'line': b'[ 80%] \x1b[32m\x1b[1mLinking CXX shared library libcan_interfaces__rosidl_typesupport_fastrtps_cpp.so\x1b[0m\n'}
[6.325361] (can_interfaces) StdoutLine: {'line': b'[ 80%] Built target can_interfaces__rosidl_typesupport_fastrtps_c\n'}
[6.393911] (can_interfaces) StdoutLine: {'line': b'[ 80%] Built target can_interfaces__rosidl_typesupport_fastrtps_cpp\n'}
[6.413185] (can_interfaces) StdoutLine: {'line': b'[ 80%] Built target can_interfaces\n'}
[6.423835] (-) TimerEvent: {}
[6.438410] (can_interfaces) StdoutLine: {'line': b'[ 81%] \x1b[34m\x1b[1mGenerating Python code for ROS interfaces\x1b[0m\n'}
[6.523932] (-) TimerEvent: {}
[6.624181] (-) TimerEvent: {}
[6.724518] (-) TimerEvent: {}
[6.750136] (can_interfaces) StdoutLine: {'line': b'[ 81%] Built target can_interfaces__py\n'}
[6.780462] (can_interfaces) StdoutLine: {'line': b'[ 87%] \x1b[32mBuilding C object CMakeFiles/can_interfaces__rosidl_generator_py.dir/rosidl_generator_py/can_interfaces/msg/_can_queue_s.c.o\x1b[0m\n'}
[6.780779] (can_interfaces) StdoutLine: {'line': b'[ 87%] \x1b[32mBuilding C object CMakeFiles/can_interfaces__rosidl_generator_py.dir/rosidl_generator_py/can_interfaces/msg/_mobility_data_s.c.o\x1b[0m\n'}
[6.780938] (can_interfaces) StdoutLine: {'line': b'[ 87%] \x1b[32mBuilding C object CMakeFiles/can_interfaces__rosidl_generator_py.dir/rosidl_generator_py/can_interfaces/msg/_drive_command_s.c.o\x1b[0m\n'}
[6.824636] (-) TimerEvent: {}
[6.924986] (-) TimerEvent: {}
[6.925288] (can_interfaces) StdoutLine: {'line': b'[ 89%] \x1b[32m\x1b[1mLinking C shared library libcan_interfaces__rosidl_generator_py.so\x1b[0m\n'}
[6.968194] (can_interfaces) StdoutLine: {'line': b'[ 89%] Built target can_interfaces__rosidl_generator_py\n'}
[6.992458] (can_interfaces) StdoutLine: {'line': b'[ 94%] \x1b[32mBuilding C object CMakeFiles/can_interfaces_s__rosidl_typesupport_c.dir/rosidl_generator_py/can_interfaces/_can_interfaces_s.ep.rosidl_typesupport_c.c.o\x1b[0m\n'}
[6.992686] (can_interfaces) StdoutLine: {'line': b'[ 94%] \x1b[32mBuilding C object CMakeFiles/can_interfaces_s__rosidl_typesupport_fastrtps_c.dir/rosidl_generator_py/can_interfaces/_can_interfaces_s.ep.rosidl_typesupport_fastrtps_c.c.o\x1b[0m\n'}
[6.992773] (can_interfaces) StdoutLine: {'line': b'[ 94%] \x1b[32mBuilding C object CMakeFiles/can_interfaces_s__rosidl_typesupport_introspection_c.dir/rosidl_generator_py/can_interfaces/_can_interfaces_s.ep.rosidl_typesupport_introspection_c.c.o\x1b[0m\n'}
[7.025102] (-) TimerEvent: {}
[7.074099] (can_interfaces) StdoutLine: {'line': b'[ 96%] \x1b[32m\x1b[1mLinking C shared module rosidl_generator_py/can_interfaces/can_interfaces_s__rosidl_typesupport_c.so\x1b[0m\n'}
[7.074649] (can_interfaces) StdoutLine: {'line': b'[ 98%] \x1b[32m\x1b[1mLinking C shared module rosidl_generator_py/can_interfaces/can_interfaces_s__rosidl_typesupport_introspection_c.so\x1b[0m\n'}
[7.077329] (can_interfaces) StdoutLine: {'line': b'[100%] \x1b[32m\x1b[1mLinking C shared module rosidl_generator_py/can_interfaces/can_interfaces_s__rosidl_typesupport_fastrtps_c.so\x1b[0m\n'}
[7.100592] (can_interfaces) StdoutLine: {'line': b'[100%] Built target can_interfaces_s__rosidl_typesupport_c\n'}
[7.100889] (can_interfaces) StdoutLine: {'line': b'[100%] Built target can_interfaces_s__rosidl_typesupport_introspection_c\n'}
[7.103708] (can_interfaces) StdoutLine: {'line': b'[100%] Built target can_interfaces_s__rosidl_typesupport_fastrtps_c\n'}
[7.116318] (can_interfaces) CommandEnded: {'returncode': 0}
[7.116905] (can_interfaces) JobProgress: {'identifier': 'can_interfaces', 'progress': 'install'}
[7.124180] (can_interfaces) Command: {'cmd': ['/usr/bin/cmake', '--install', '/home/ritvik/Documents/MRT_ROS_WS/build/can_interfaces'], 'cwd': '/home/ritvik/Documents/MRT_ROS_WS/build/can_interfaces', 'env': OrderedDict({'LESSOPEN': '| /usr/bin/lesspipe %s', 'IGN_IP': '127.0.0.1', 'GZ_SIM_RESOURCE_PATH': '/home/ritvik/gazebo_models', 'LANGUAGE': 'en_IN:en', 'USER': 'ritvik', 'GZ_CONFIG_PATH': '/opt/ros/jazzy/opt/sdformat_vendor/share/gz', 'XDG_SESSION_TYPE': 'wayland', 'SALT_LICENSE_SERVER': '/home/ritvik/.altera.quartus/questa_lic.dat', 'STM32CubeMX_PATH': '/home/ritvik/STM32CubeMX', 'SHLVL': '1', 'LD_LIBRARY_PATH': '/opt/ros/jazzy/opt/sdformat_vendor/lib:/opt/ros/jazzy/opt/rviz_ogre_vendor/lib:/opt/ros/jazzy/lib/x86_64-linux-gnu:/opt/ros/jazzy/opt/gz_math_vendor/lib:/opt/ros/jazzy/opt/gz_utils_vendor/lib:/opt/ros/jazzy/opt/gz_tools_vendor/lib:/opt/ros/jazzy/opt/gz_cmake_vendor/lib:/opt/ros/jazzy/lib', 'HOME': '/home/ritvik', 'OLDPWD': '/home/ritvik', 'DESKTOP_SESSION': 'gnome', 'ROS_PYTHON_VERSION': '3', 'GTK_MODULES': 'gail:atk-bridge', 'MANAGERPID': '2522', 'SYSTEMD_EXEC_PID': '3016', 'GSM_SKIP_SSH_AGENT_WORKAROUND': 'true', 'DBUS_SESSION_BUS_ADDRESS': 'unix:path=/run/user/1000/bus', 'COLORTERM': 'truecolor', 'QSYS_ROOTDIR': '/home/ritvik/Documents/Quartus/quartus_install/quartus/sopc_builder/bin', 'TERMINATOR_DBUS_NAME': 'net.tenshu.Terminator25ef4b219e3b005583550f2b0f9f990c3', 'GIO_LAUNCHED_DESKTOP_FILE_PID': '8122', 'GNOME_KEYRING_CONTROL': '/run/user/1000/keyring', 'DEBUGINFOD_URLS': 'https://debuginfod.ubuntu.com', 'IM_CONFIG_PHASE': '1', 'WAYLAND_DISPLAY': 'wayland-0', 'COLCON_PREFIX_PATH': '/home/ritvik/rover_arm_ws/install', 'ROS_DISTRO': 'jazzy', 'LOGNAME': 'ritvik', 'SALT_LICENSE_FILE': ';/home/ritvik/.altera.quartus/questa_lic.dat', 'JOURNAL_STREAM': '9:13020', '_': '/usr/bin/colcon', 'ROS_VERSION': '2', 'MEMORY_PRESSURE_WATCH': '/sys/fs/cgroup/user.slice/user-1000.slice/user@1000.service/session.slice/org.gnome.SettingsDaemon.MediaKeys.service/memory.pressure', 'XDG_SESSION_CLASS': 'user', 'USERNAME': 'ritvik', 'STM32_PRG_PATH': '/home/ritvik/STMicroelectronics/STM32Cube/STM32CubeProgrammer/binexport', 'TERM': 'xterm-256color', 'GNOME_DESKTOP_SESSION_ID': 'this-is-deprecated', 'PATH': '/opt/ros/jazzy/opt/gz_tools_vendor/bin:/opt/ros/jazzy/bin:/home/ritvik/.cargo/bin:/home/ritvik/.local/bin:/usr/local/sbin:/usr/local/bin:/usr/sbin:/usr/bin:/sbin:/bin:/usr/games:/usr/local/games:/snap/bin:/snap/bin:/usr/local/MATLAB/R2025b/bin', 'SESSION_MANAGER': 'local/ritvik-ROG-Zephyrus-G14-GA403UM-GA403UM:@/tmp/.ICE-unix/2772,unix/ritvik-ROG-Zephyrus-G14-GA403UM-GA403UM:/tmp/.ICE-unix/2772', 'INVOCATION_ID': '3a93e962aab8443e9f6719c3682c35d4', 'XDG_MENU_PREFIX': 'gnome-', 'GNOME_SETUP_DISPLAY': ':1', 'LM_LICENSE_FILE': '/home/ritvik/Documents/Licenses/questa_license.dat', 'XDG_RUNTIME_DIR': '/run/user/1000', 'DISPLAY': ':0', 'TERMINATOR_DBUS_PATH': '/net/tenshu/Terminator2', 'LANG': 'en_US.UTF-8', 'XDG_CURRENT_DESKTOP': 'GNOME', 'RMW_IMPLEMENTATION': 'rmw_cyclonedds_cpp', 'XMODIFIERS': '@im=ibus', 'XDG_SESSION_DESKTOP': 'gnome', 'XAUTHORITY': '/run/user/1000/.mutter-Xwaylandauth.LOWXT3', 'LS_COLORS': 'rs=0:di=01;34:ln=01;36:mh=00:pi=40;33:so=01;35:do=01;35:bd=40;33;01:cd=40;33;01:or=40;31;01:mi=00:su=37;41:sg=30;43:ca=00:tw=30;42:ow=34;42:st=37;44:ex=01;32:*.tar=01;31:*.tgz=01;31:*.arc=01;31:*.arj=01;31:*.taz=01;31:*.lha=01;31:*.lz4=01;31:*.lzh=01;31:*.lzma=01;31:*.tlz=01;31:*.txz=01;31:*.tzo=01;31:*.t7z=01;31:*.zip=01;31:*.z=01;31:*.dz=01;31:*.gz=01;31:*.lrz=01;31:*.lz=01;31:*.lzo=01;31:*.xz=01;31:*.zst=01;31:*.tzst=01;31:*.bz2=01;31:*.bz=01;31:*.tbz=01;31:*.tbz2=01;31:*.tz=01;31:*.deb=01;31:*.rpm=01;31:*.jar=01;31:*.war=01;31:*.ear=01;31:*.sar=01;31:*.rar=01;31:*.alz=01;31:*.ace=01;31:*.zoo=01;31:*.cpio=01;31:*.7z=01;31:*.rz=01;31:*.cab=01;31:*.wim=01;31:*.swm=01;31:*.dwm=01;31:*.esd=01;31:*.avif=01;35:*.jpg=01;35:*.jpeg=01;35:*.mjpg=01;35:*.mjpeg=01;35:*.gif=01;35:*.bmp=01;35:*.pbm=01;35:*.pgm=01;35:*.ppm=01;35:*.tga=01;35:*.xbm=01;35:*.xpm=01;35:*.tif=01;35:*.tiff=01;35:*.png=01;35:*.svg=01;35:*.svgz=01;35:*.mng=01;35:*.pcx=01;35:*.mov=01;35:*.mpg=01;35:*.mpeg=01;35:*.m2v=01;35:*.mkv=01;35:*.webm=01;35:*.webp=01;35:*.ogm=01;35:*.mp4=01;35:*.m4v=01;35:*.mp4v=01;35:*.vob=01;35:*.qt=01;35:*.nuv=01;35:*.wmv=01;35:*.asf=01;35:*.rm=01;35:*.rmvb=01;35:*.flc=01;35:*.avi=01;35:*.fli=01;35:*.flv=01;35:*.gl=01;35:*.dl=01;35:*.xcf=01;35:*.xwd=01;35:*.yuv=01;35:*.cgm=01;35:*.emf=01;35:*.ogv=01;35:*.ogx=01;35:*.aac=00;36:*.au=00;36:*.flac=00;36:*.m4a=00;36:*.mid=00;36:*.midi=00;36:*.mka=00;36:*.mp3=00;36:*.mpc=00;36:*.ogg=00;36:*.ra=00;36:*.wav=00;36:*.oga=00;36:*.opus=00;36:*.spx=00;36:*.xspf=00;36:*~=00;90:*#=00;90:*.bak=00;90:*.crdownload=00;90:*.dpkg-dist=00;90:*.dpkg-new=00;90:*.dpkg-old=00;90:*.dpkg-tmp=00;90:*.old=00;90:*.orig=00;90:*.part=00;90:*.rej=00;90:*.rpmnew=00;90:*.rpmorig=00;90:*.rpmsave=00;90:*.swp=00;90:*.tmp=00;90:*.ucf-dist=00;90:*.ucf-new=00;90:*.ucf-old=00;90:', 'SSH_AUTH_SOCK': '/run/user/1000/keyring/ssh', 'AMENT_PREFIX_PATH': '/home/ritvik/rover_arm_ws/install/rover_arm_desc:/opt/ros/jazzy', 'SHELL': '/bin/bash', 'TERMINATOR_UUID': 'urn:uuid:b87d87f7-d4bd-4cb1-a42e-e4d83e1eebfd', 'QT_ACCESSIBILITY': '1', 'GDMSESSION': 'gnome', 'LESSCLOSE': '/usr/bin/lesspipe %s %s', 'ROS_AUTOMATIC_DISCOVERY_RANGE': 'SUBNET', 'QT_IM_MODULE': 'ibus', 'PWD': '/home/ritvik/Documents/MRT_ROS_WS/build/can_interfaces', 'LC_ALL': 'en_US.UTF-8', 'XDG_CONFIG_DIRS': '/etc/xdg/xdg-gnome:/etc/xdg', 'XDG_DATA_DIRS': '/usr/share/gnome:/usr/local/share/:/usr/share/:/var/lib/snapd/desktop', 'PYTHONPATH': '/opt/ros/jazzy/lib/python3.12/site-packages', 'COLCON': '1', 'MEMORY_PRESSURE_WRITE': 'c29tZSAyMDAwMDAgMjAwMDAwMAA=', 'VTE_VERSION': '7600', 'CMAKE_PREFIX_PATH': '/home/ritvik/rover_arm_ws/install/rover_arm_desc:/opt/ros/jazzy/opt/sdformat_vendor:/opt/ros/jazzy/opt/gz_math_vendor:/opt/ros/jazzy/opt/gz_utils_vendor:/opt/ros/jazzy/opt/gz_tools_vendor:/opt/ros/jazzy/opt/gz_cmake_vendor:/opt/ros/jazzy'}), 'shell': False}
[7.125172] (-) TimerEvent: {}
[7.134320] (can_interfaces) StdoutLine: {'line': b'-- Install configuration: ""\n'}
[7.134528] (can_interfaces) StdoutLine: {'line': b'-- Installing: /home/ritvik/Documents/MRT_ROS_WS/install/can_interfaces/share/ament_index/resource_index/rosidl_interfaces/can_interfaces\n'}
[7.134644] (can_interfaces) StdoutLine: {'line': b'-- Installing: /home/ritvik/Documents/MRT_ROS_WS/install/can_interfaces/share/can_interfaces/msg/DriveCommand.json\n'}
[7.134843] (can_interfaces) StdoutLine: {'line': b'-- Installing: /home/ritvik/Documents/MRT_ROS_WS/install/can_interfaces/share/can_interfaces/msg/CANQueue.json\n'}
[7.134961] (can_interfaces) StdoutLine: {'line': b'-- Installing: /home/ritvik/Documents/MRT_ROS_WS/install/can_interfaces/share/can_interfaces/msg/MobilityData.json\n'}
[7.135142] (can_interfaces) StdoutLine: {'line': b'-- Up-to-date: /home/ritvik/Documents/MRT_ROS_WS/install/can_interfaces/include/can_interfaces/can_interfaces\n'}
[7.135282] (can_interfaces) StdoutLine: {'line': b'-- Up-to-date: /home/ritvik/Documents/MRT_ROS_WS/install/can_interfaces/include/can_interfaces/can_interfaces/msg\n'}
[7.135346] (can_interfaces) StdoutLine: {'line': b'-- Installing: /home/ritvik/Documents/MRT_ROS_WS/install/can_interfaces/include/can_interfaces/can_interfaces/msg/can_queue.h\n'}
[7.135818] (can_interfaces) StdoutLine: {'line': b'-- Up-to-date: /home/ritvik/Documents/MRT_ROS_WS/install/can_interfaces/include/can_interfaces/can_interfaces/msg/detail\n'}
[7.136195] (can_interfaces) StdoutLine: {'line': b'-- Installing: /home/ritvik/Documents/MRT_ROS_WS/install/can_interfaces/include/can_interfaces/can_interfaces/msg/detail/can_queue__struct.h\n'}
[7.137140] (can_interfaces) StdoutLine: {'line': b'-- Installing: /home/ritvik/Documents/MRT_ROS_WS/install/can_interfaces/include/can_interfaces/can_interfaces/msg/detail/can_queue__functions.c\n'}
[7.137703] (can_interfaces) StdoutLine: {'line': b'-- Installing: /home/ritvik/Documents/MRT_ROS_WS/install/can_interfaces/include/can_interfaces/can_interfaces/msg/detail/drive_command__functions.c\n'}
[7.137870] (can_interfaces) StdoutLine: {'line': b'-- Installing: /home/ritvik/Documents/MRT_ROS_WS/install/can_interfaces/include/can_interfaces/can_interfaces/msg/detail/mobility_data__description.c\n'}
[7.137988] (can_interfaces) StdoutLine: {'line': b'-- Installing: /home/ritvik/Documents/MRT_ROS_WS/install/can_interfaces/include/can_interfaces/can_interfaces/msg/detail/can_queue__type_support.c\n'}
[7.138145] (can_interfaces) StdoutLine: {'line': b'-- Up-to-date: /home/ritvik/Documents/MRT_ROS_WS/install/can_interfaces/include/can_interfaces/can_interfaces/msg/detail/mobility_sensor_data__type_support.h\n'}
[7.138255] (can_interfaces) StdoutLine: {'line': b'-- Up-to-date: /home/ritvik/Documents/MRT_ROS_WS/install/can_interfaces/include/can_interfaces/can_interfaces/msg/detail/mobility_sensor_data__type_support.c\n'}
[7.138337] (can_interfaces) StdoutLine: {'line': b'-- Installing: /home/ritvik/Documents/MRT_ROS_WS/install/can_interfaces/include/can_interfaces/can_interfaces/msg/detail/drive_command__struct.h\n'}
[7.138448] (can_interfaces) StdoutLine: {'line': b'-- Installing: /home/ritvik/Documents/MRT_ROS_WS/install/can_interfaces/include/can_interfaces/can_interfaces/msg/detail/mobility_data__type_support.h\n'}
[7.138526] (can_interfaces) StdoutLine: {'line': b'-- Installing: /home/ritvik/Documents/MRT_ROS_WS/install/can_interfaces/include/can_interfaces/can_interfaces/msg/detail/can_queue__functions.h\n'}
[7.138657] (can_interfaces) StdoutLine: {'line': b'-- Installing: /home/ritvik/Documents/MRT_ROS_WS/install/can_interfaces/include/can_interfaces/can_interfaces/msg/detail/mobility_data__functions.c\n'}
[7.138817] (can_interfaces) StdoutLine: {'line': b'-- Installing: /home/ritvik/Documents/MRT_ROS_WS/install/can_interfaces/include/can_interfaces/can_interfaces/msg/detail/mobility_data__type_support.c\n'}
[7.138925] (can_interfaces) StdoutLine: {'line': b'-- Installing: /home/ritvik/Documents/MRT_ROS_WS/install/can_interfaces/include/can_interfaces/can_interfaces/msg/detail/drive_command__description.c\n'}
[7.139032] (can_interfaces) StdoutLine: {'line': b'-- Installing: /home/ritvik/Documents/MRT_ROS_WS/install/can_interfaces/include/can_interfaces/can_interfaces/msg/detail/can_queue__description.c\n'}
[7.139164] (can_interfaces) StdoutLine: {'line': b'-- Installing: /home/ritvik/Documents/MRT_ROS_WS/install/can_interfaces/include/can_interfaces/can_interfaces/msg/detail/mobility_data__struct.h\n'}
[7.139268] (can_interfaces) StdoutLine: {'line': b'-- Installing: /home/ritvik/Documents/MRT_ROS_WS/install/can_interfaces/include/can_interfaces/can_interfaces/msg/detail/mobility_data__functions.h\n'}
[7.139402] (can_interfaces) StdoutLine: {'line': b'-- Up-to-date: /home/ritvik/Documents/MRT_ROS_WS/install/can_interfaces/include/can_interfaces/can_interfaces/msg/detail/mobility_sensor_data__struct.h\n'}
[7.139449] (can_interfaces) StdoutLine: {'line': b'-- Installing: /home/ritvik/Documents/MRT_ROS_WS/install/can_interfaces/include/can_interfaces/can_interfaces/msg/detail/drive_command__type_support.h\n'}
[7.139552] (can_interfaces) StdoutLine: {'line': b'-- Up-to-date: /home/ritvik/Documents/MRT_ROS_WS/install/can_interfaces/include/can_interfaces/can_interfaces/msg/detail/mobility_sensor_data__functions.c\n'}
[7.139611] (can_interfaces) StdoutLine: {'line': b'-- Up-to-date: /home/ritvik/Documents/MRT_ROS_WS/install/can_interfaces/include/can_interfaces/can_interfaces/msg/detail/mobility_sensor_data__functions.h\n'}
[7.139684] (can_interfaces) StdoutLine: {'line': b'-- Up-to-date: /home/ritvik/Documents/MRT_ROS_WS/install/can_interfaces/include/can_interfaces/can_interfaces/msg/detail/mobility_sensor_data__description.c\n'}
[7.139740] (can_interfaces) StdoutLine: {'line': b'-- Installing: /home/ritvik/Documents/MRT_ROS_WS/install/can_interfaces/include/can_interfaces/can_interfaces/msg/detail/drive_command__functions.h\n'}
[7.139805] (can_interfaces) StdoutLine: {'line': b'-- Installing: /home/ritvik/Documents/MRT_ROS_WS/install/can_interfaces/include/can_interfaces/can_interfaces/msg/detail/drive_command__type_support.c\n'}
[7.139912] (can_interfaces) StdoutLine: {'line': b'-- Installing: /home/ritvik/Documents/MRT_ROS_WS/install/can_interfaces/include/can_interfaces/can_interfaces/msg/detail/can_queue__type_support.h\n'}
[7.140040] (can_interfaces) StdoutLine: {'line': b'-- Installing: /home/ritvik/Documents/MRT_ROS_WS/install/can_interfaces/include/can_interfaces/can_interfaces/msg/mobility_data.h\n'}
[7.140158] (can_interfaces) StdoutLine: {'line': b'-- Up-to-date: /home/ritvik/Documents/MRT_ROS_WS/install/can_interfaces/include/can_interfaces/can_interfaces/msg/mobility_sensor_data.h\n'}
[7.140229] (can_interfaces) StdoutLine: {'line': b'-- Up-to-date: /home/ritvik/Documents/MRT_ROS_WS/install/can_interfaces/include/can_interfaces/can_interfaces/msg/rosidl_generator_c__visibility_control.h\n'}
[7.140291] (can_interfaces) StdoutLine: {'line': b'-- Installing: /home/ritvik/Documents/MRT_ROS_WS/install/can_interfaces/include/can_interfaces/can_interfaces/msg/drive_command.h\n'}
[7.140388] (can_interfaces) StdoutLine: {'line': b'-- Up-to-date: /home/ritvik/Documents/MRT_ROS_WS/install/can_interfaces/share/can_interfaces/environment/library_path.sh\n'}
[7.140450] (can_interfaces) StdoutLine: {'line': b'-- Up-to-date: /home/ritvik/Documents/MRT_ROS_WS/install/can_interfaces/share/can_interfaces/environment/library_path.dsv\n'}
[7.141016] (can_interfaces) StdoutLine: {'line': b'-- Installing: /home/ritvik/Documents/MRT_ROS_WS/install/can_interfaces/lib/libcan_interfaces__rosidl_generator_c.so\n'}
[7.141451] (can_interfaces) StdoutLine: {'line': b'-- Set non-toolchain portion of runtime path of "/home/ritvik/Documents/MRT_ROS_WS/install/can_interfaces/lib/libcan_interfaces__rosidl_generator_c.so" to ""\n'}
[7.141525] (can_interfaces) StdoutLine: {'line': b'-- Up-to-date: /home/ritvik/Documents/MRT_ROS_WS/install/can_interfaces/include/can_interfaces/can_interfaces\n'}
[7.141591] (can_interfaces) StdoutLine: {'line': b'-- Up-to-date: /home/ritvik/Documents/MRT_ROS_WS/install/can_interfaces/include/can_interfaces/can_interfaces/msg\n'}
[7.141675] (can_interfaces) StdoutLine: {'line': b'-- Up-to-date: /home/ritvik/Documents/MRT_ROS_WS/install/can_interfaces/include/can_interfaces/can_interfaces/msg/detail\n'}
[7.141729] (can_interfaces) StdoutLine: {'line': b'-- Up-to-date: /home/ritvik/Documents/MRT_ROS_WS/install/can_interfaces/include/can_interfaces/can_interfaces/msg/detail/mobility_sensor_data__rosidl_typesupport_fastrtps_c.h\n'}
[7.141788] (can_interfaces) StdoutLine: {'line': b'-- Installing: /home/ritvik/Documents/MRT_ROS_WS/install/can_interfaces/include/can_interfaces/can_interfaces/msg/detail/drive_command__rosidl_typesupport_fastrtps_c.h\n'}
[7.141864] (can_interfaces) StdoutLine: {'line': b'-- Installing: /home/ritvik/Documents/MRT_ROS_WS/install/can_interfaces/include/can_interfaces/can_interfaces/msg/detail/mobility_data__rosidl_typesupport_fastrtps_c.h\n'}
[7.141986] (can_interfaces) StdoutLine: {'line': b'-- Installing: /home/ritvik/Documents/MRT_ROS_WS/install/can_interfaces/include/can_interfaces/can_interfaces/msg/detail/can_queue__rosidl_typesupport_fastrtps_c.h\n'}
[7.142131] (can_interfaces) StdoutLine: {'line': b'-- Up-to-date: /home/ritvik/Documents/MRT_ROS_WS/install/can_interfaces/include/can_interfaces/can_interfaces/msg/rosidl_typesupport_fastrtps_c__visibility_control.h\n'}
[7.142847] (can_interfaces) StdoutLine: {'line': b'-- Installing: /home/ritvik/Documents/MRT_ROS_WS/install/can_interfaces/lib/libcan_interfaces__rosidl_typesupport_fastrtps_c.so\n'}
[7.143466] (can_interfaces) StdoutLine: {'line': b'-- Set non-toolchain portion of runtime path of "/home/ritvik/Documents/MRT_ROS_WS/install/can_interfaces/lib/libcan_interfaces__rosidl_typesupport_fastrtps_c.so" to ""\n'}
[7.143542] (can_interfaces) StdoutLine: {'line': b'-- Up-to-date: /home/ritvik/Documents/MRT_ROS_WS/install/can_interfaces/include/can_interfaces/can_interfaces\n'}
[7.143604] (can_interfaces) StdoutLine: {'line': b'-- Up-to-date: /home/ritvik/Documents/MRT_ROS_WS/install/can_interfaces/include/can_interfaces/can_interfaces/msg\n'}
[7.143677] (can_interfaces) StdoutLine: {'line': b'-- Up-to-date: /home/ritvik/Documents/MRT_ROS_WS/install/can_interfaces/include/can_interfaces/can_interfaces/msg/detail\n'}
[7.143725] (can_interfaces) StdoutLine: {'line': b'-- Installing: /home/ritvik/Documents/MRT_ROS_WS/install/can_interfaces/include/can_interfaces/can_interfaces/msg/detail/can_queue__type_support.c\n'}
[7.143823] (can_interfaces) StdoutLine: {'line': b'-- Up-to-date: /home/ritvik/Documents/MRT_ROS_WS/install/can_interfaces/include/can_interfaces/can_interfaces/msg/detail/mobility_sensor_data__rosidl_typesupport_introspection_c.h\n'}
[7.143895] (can_interfaces) StdoutLine: {'line': b'-- Up-to-date: /home/ritvik/Documents/MRT_ROS_WS/install/can_interfaces/include/can_interfaces/can_interfaces/msg/detail/mobility_sensor_data__type_support.c\n'}
[7.143962] (can_interfaces) StdoutLine: {'line': b'-- Installing: /home/ritvik/Documents/MRT_ROS_WS/install/can_interfaces/include/can_interfaces/can_interfaces/msg/detail/mobility_data__type_support.c\n'}
[7.144064] (can_interfaces) StdoutLine: {'line': b'-- Installing: /home/ritvik/Documents/MRT_ROS_WS/install/can_interfaces/include/can_interfaces/can_interfaces/msg/detail/can_queue__rosidl_typesupport_introspection_c.h\n'}
[7.144211] (can_interfaces) StdoutLine: {'line': b'-- Installing: /home/ritvik/Documents/MRT_ROS_WS/install/can_interfaces/include/can_interfaces/can_interfaces/msg/detail/drive_command__rosidl_typesupport_introspection_c.h\n'}
[7.144363] (can_interfaces) StdoutLine: {'line': b'-- Installing: /home/ritvik/Documents/MRT_ROS_WS/install/can_interfaces/include/can_interfaces/can_interfaces/msg/detail/drive_command__type_support.c\n'}
[7.144517] (can_interfaces) StdoutLine: {'line': b'-- Installing: /home/ritvik/Documents/MRT_ROS_WS/install/can_interfaces/include/can_interfaces/can_interfaces/msg/detail/mobility_data__rosidl_typesupport_introspection_c.h\n'}
[7.144638] (can_interfaces) StdoutLine: {'line': b'-- Up-to-date: /home/ritvik/Documents/MRT_ROS_WS/install/can_interfaces/include/can_interfaces/can_interfaces/msg/rosidl_typesupport_introspection_c__visibility_control.h\n'}
[7.145326] (can_interfaces) StdoutLine: {'line': b'-- Installing: /home/ritvik/Documents/MRT_ROS_WS/install/can_interfaces/lib/libcan_interfaces__rosidl_typesupport_introspection_c.so\n'}
[7.145840] (can_interfaces) StdoutLine: {'line': b'-- Set non-toolchain portion of runtime path of "/home/ritvik/Documents/MRT_ROS_WS/install/can_interfaces/lib/libcan_interfaces__rosidl_typesupport_introspection_c.so" to ""\n'}
[7.146360] (can_interfaces) StdoutLine: {'line': b'-- Installing: /home/ritvik/Documents/MRT_ROS_WS/install/can_interfaces/lib/libcan_interfaces__rosidl_typesupport_c.so\n'}
[7.146783] (can_interfaces) StdoutLine: {'line': b'-- Set non-toolchain portion of runtime path of "/home/ritvik/Documents/MRT_ROS_WS/install/can_interfaces/lib/libcan_interfaces__rosidl_typesupport_c.so" to ""\n'}
[7.147024] (can_interfaces) StdoutLine: {'line': b'-- Up-to-date: /home/ritvik/Documents/MRT_ROS_WS/install/can_interfaces/include/can_interfaces/can_interfaces\n'}
[7.147151] (can_interfaces) StdoutLine: {'line': b'-- Up-to-date: /home/ritvik/Documents/MRT_ROS_WS/install/can_interfaces/include/can_interfaces/can_interfaces/msg\n'}
[7.147277] (can_interfaces) StdoutLine: {'line': b'-- Up-to-date: /home/ritvik/Documents/MRT_ROS_WS/install/can_interfaces/include/can_interfaces/can_interfaces/msg/mobility_sensor_data.hpp\n'}
[7.147395] (can_interfaces) StdoutLine: {'line': b'-- Up-to-date: /home/ritvik/Documents/MRT_ROS_WS/install/can_interfaces/include/can_interfaces/can_interfaces/msg/detail\n'}
[7.147524] (can_interfaces) StdoutLine: {'line': b'-- Installing: /home/ritvik/Documents/MRT_ROS_WS/install/can_interfaces/include/can_interfaces/can_interfaces/msg/detail/mobility_data__type_support.hpp\n'}
[7.147615] (can_interfaces) StdoutLine: {'line': b'-- Installing: /home/ritvik/Documents/MRT_ROS_WS/install/can_interfaces/include/can_interfaces/can_interfaces/msg/detail/can_queue__type_support.hpp\n'}
[7.147676] (can_interfaces) StdoutLine: {'line': b'-- Installing: /home/ritvik/Documents/MRT_ROS_WS/install/can_interfaces/include/can_interfaces/can_interfaces/msg/detail/drive_command__builder.hpp\n'}
[7.147734] (can_interfaces) StdoutLine: {'line': b'-- Installing: /home/ritvik/Documents/MRT_ROS_WS/install/can_interfaces/include/can_interfaces/can_interfaces/msg/detail/can_queue__traits.hpp\n'}
[7.147798] (can_interfaces) StdoutLine: {'line': b'-- Installing: /home/ritvik/Documents/MRT_ROS_WS/install/can_interfaces/include/can_interfaces/can_interfaces/msg/detail/drive_command__type_support.hpp\n'}
[7.147884] (can_interfaces) StdoutLine: {'line': b'-- Installing: /home/ritvik/Documents/MRT_ROS_WS/install/can_interfaces/include/can_interfaces/can_interfaces/msg/detail/drive_command__traits.hpp\n'}
[7.147955] (can_interfaces) StdoutLine: {'line': b'-- Installing: /home/ritvik/Documents/MRT_ROS_WS/install/can_interfaces/include/can_interfaces/can_interfaces/msg/detail/mobility_data__struct.hpp\n'}
[7.148024] (can_interfaces) StdoutLine: {'line': b'-- Installing: /home/ritvik/Documents/MRT_ROS_WS/install/can_interfaces/include/can_interfaces/can_interfaces/msg/detail/mobility_data__traits.hpp\n'}
[7.148112] (can_interfaces) StdoutLine: {'line': b'-- Installing: /home/ritvik/Documents/MRT_ROS_WS/install/can_interfaces/include/can_interfaces/can_interfaces/msg/detail/drive_command__struct.hpp\n'}
[7.148263] (can_interfaces) StdoutLine: {'line': b'-- Up-to-date: /home/ritvik/Documents/MRT_ROS_WS/install/can_interfaces/include/can_interfaces/can_interfaces/msg/detail/mobility_sensor_data__type_support.hpp\n'}
[7.148322] (can_interfaces) StdoutLine: {'line': b'-- Installing: /home/ritvik/Documents/MRT_ROS_WS/install/can_interfaces/include/can_interfaces/can_interfaces/msg/detail/can_queue__builder.hpp\n'}
[7.148455] (can_interfaces) StdoutLine: {'line': b'-- Up-to-date: /home/ritvik/Documents/MRT_ROS_WS/install/can_interfaces/include/can_interfaces/can_interfaces/msg/detail/mobility_sensor_data__traits.hpp\n'}
[7.148520] (can_interfaces) StdoutLine: {'line': b'-- Up-to-date: /home/ritvik/Documents/MRT_ROS_WS/install/can_interfaces/include/can_interfaces/can_interfaces/msg/detail/mobility_sensor_data__builder.hpp\n'}
[7.148571] (can_interfaces) StdoutLine: {'line': b'-- Up-to-date: /home/ritvik/Documents/MRT_ROS_WS/install/can_interfaces/include/can_interfaces/can_interfaces/msg/detail/mobility_sensor_data__struct.hpp\n'}
[7.148620] (can_interfaces) StdoutLine: {'line': b'-- Installing: /home/ritvik/Documents/MRT_ROS_WS/install/can_interfaces/include/can_interfaces/can_interfaces/msg/detail/mobility_data__builder.hpp\n'}
[7.148694] (can_interfaces) StdoutLine: {'line': b'-- Installing: /home/ritvik/Documents/MRT_ROS_WS/install/can_interfaces/include/can_interfaces/can_interfaces/msg/detail/can_queue__struct.hpp\n'}
[7.148801] (can_interfaces) StdoutLine: {'line': b'-- Installing: /home/ritvik/Documents/MRT_ROS_WS/install/can_interfaces/include/can_interfaces/can_interfaces/msg/rosidl_generator_cpp__visibility_control.hpp\n'}
[7.148930] (can_interfaces) StdoutLine: {'line': b'-- Installing: /home/ritvik/Documents/MRT_ROS_WS/install/can_interfaces/include/can_interfaces/can_interfaces/msg/drive_command.hpp\n'}
[7.149059] (can_interfaces) StdoutLine: {'line': b'-- Installing: /home/ritvik/Documents/MRT_ROS_WS/install/can_interfaces/include/can_interfaces/can_interfaces/msg/can_queue.hpp\n'}
[7.149208] (can_interfaces) StdoutLine: {'line': b'-- Installing: /home/ritvik/Documents/MRT_ROS_WS/install/can_interfaces/include/can_interfaces/can_interfaces/msg/mobility_data.hpp\n'}
[7.149353] (can_interfaces) StdoutLine: {'line': b'-- Up-to-date: /home/ritvik/Documents/MRT_ROS_WS/install/can_interfaces/include/can_interfaces/can_interfaces\n'}
[7.149469] (can_interfaces) StdoutLine: {'line': b'-- Up-to-date: /home/ritvik/Documents/MRT_ROS_WS/install/can_interfaces/include/can_interfaces/can_interfaces/msg\n'}
[7.149550] (can_interfaces) StdoutLine: {'line': b'-- Up-to-date: /home/ritvik/Documents/MRT_ROS_WS/install/can_interfaces/include/can_interfaces/can_interfaces/msg/detail\n'}
[7.149617] (can_interfaces) StdoutLine: {'line': b'-- Up-to-date: /home/ritvik/Documents/MRT_ROS_WS/install/can_interfaces/include/can_interfaces/can_interfaces/msg/detail/dds_fastrtps\n'}
[7.149688] (can_interfaces) StdoutLine: {'line': b'-- Up-to-date: /home/ritvik/Documents/MRT_ROS_WS/install/can_interfaces/include/can_interfaces/can_interfaces/msg/detail/mobility_sensor_data__rosidl_typesupport_fastrtps_cpp.hpp\n'}
[7.149746] (can_interfaces) StdoutLine: {'line': b'-- Installing: /home/ritvik/Documents/MRT_ROS_WS/install/can_interfaces/include/can_interfaces/can_interfaces/msg/detail/can_queue__rosidl_typesupport_fastrtps_cpp.hpp\n'}
[7.149823] (can_interfaces) StdoutLine: {'line': b'-- Installing: /home/ritvik/Documents/MRT_ROS_WS/install/can_interfaces/include/can_interfaces/can_interfaces/msg/detail/drive_command__rosidl_typesupport_fastrtps_cpp.hpp\n'}
[7.149959] (can_interfaces) StdoutLine: {'line': b'-- Installing: /home/ritvik/Documents/MRT_ROS_WS/install/can_interfaces/include/can_interfaces/can_interfaces/msg/detail/mobility_data__rosidl_typesupport_fastrtps_cpp.hpp\n'}
[7.150083] (can_interfaces) StdoutLine: {'line': b'-- Up-to-date: /home/ritvik/Documents/MRT_ROS_WS/install/can_interfaces/include/can_interfaces/can_interfaces/msg/rosidl_typesupport_fastrtps_cpp__visibility_control.h\n'}
[7.150701] (can_interfaces) StdoutLine: {'line': b'-- Installing: /home/ritvik/Documents/MRT_ROS_WS/install/can_interfaces/lib/libcan_interfaces__rosidl_typesupport_fastrtps_cpp.so\n'}
[7.151173] (can_interfaces) StdoutLine: {'line': b'-- Set non-toolchain portion of runtime path of "/home/ritvik/Documents/MRT_ROS_WS/install/can_interfaces/lib/libcan_interfaces__rosidl_typesupport_fastrtps_cpp.so" to ""\n'}
[7.151238] (can_interfaces) StdoutLine: {'line': b'-- Up-to-date: /home/ritvik/Documents/MRT_ROS_WS/install/can_interfaces/include/can_interfaces/can_interfaces\n'}
[7.151321] (can_interfaces) StdoutLine: {'line': b'-- Up-to-date: /home/ritvik/Documents/MRT_ROS_WS/install/can_interfaces/include/can_interfaces/can_interfaces/msg\n'}
[7.151417] (can_interfaces) StdoutLine: {'line': b'-- Up-to-date: /home/ritvik/Documents/MRT_ROS_WS/install/can_interfaces/include/can_interfaces/can_interfaces/msg/detail\n'}
[7.151471] (can_interfaces) StdoutLine: {'line': b'-- Up-to-date: /home/ritvik/Documents/MRT_ROS_WS/install/can_interfaces/include/can_interfaces/can_interfaces/msg/detail/mobility_sensor_data__rosidl_typesupport_introspection_cpp.hpp\n'}
[7.151521] (can_interfaces) StdoutLine: {'line': b'-- Installing: /home/ritvik/Documents/MRT_ROS_WS/install/can_interfaces/include/can_interfaces/can_interfaces/msg/detail/drive_command__rosidl_typesupport_introspection_cpp.hpp\n'}
[7.151582] (can_interfaces) StdoutLine: {'line': b'-- Up-to-date: /home/ritvik/Documents/MRT_ROS_WS/install/can_interfaces/include/can_interfaces/can_interfaces/msg/detail/mobility_sensor_data__type_support.cpp\n'}
[7.151661] (can_interfaces) StdoutLine: {'line': b'-- Installing: /home/ritvik/Documents/MRT_ROS_WS/install/can_interfaces/include/can_interfaces/can_interfaces/msg/detail/drive_command__type_support.cpp\n'}
[7.151749] (can_interfaces) StdoutLine: {'line': b'-- Installing: /home/ritvik/Documents/MRT_ROS_WS/install/can_interfaces/include/can_interfaces/can_interfaces/msg/detail/can_queue__rosidl_typesupport_introspection_cpp.hpp\n'}
[7.151884] (can_interfaces) StdoutLine: {'line': b'-- Installing: /home/ritvik/Documents/MRT_ROS_WS/install/can_interfaces/include/can_interfaces/can_interfaces/msg/detail/mobility_data__rosidl_typesupport_introspection_cpp.hpp\n'}
[7.151994] (can_interfaces) StdoutLine: {'line': b'-- Installing: /home/ritvik/Documents/MRT_ROS_WS/install/can_interfaces/include/can_interfaces/can_interfaces/msg/detail/mobility_data__type_support.cpp\n'}
[7.152112] (can_interfaces) StdoutLine: {'line': b'-- Installing: /home/ritvik/Documents/MRT_ROS_WS/install/can_interfaces/include/can_interfaces/can_interfaces/msg/detail/can_queue__type_support.cpp\n'}
[7.152860] (can_interfaces) StdoutLine: {'line': b'-- Installing: /home/ritvik/Documents/MRT_ROS_WS/install/can_interfaces/lib/libcan_interfaces__rosidl_typesupport_introspection_cpp.so\n'}
[7.153355] (can_interfaces) StdoutLine: {'line': b'-- Set non-toolchain portion of runtime path of "/home/ritvik/Documents/MRT_ROS_WS/install/can_interfaces/lib/libcan_interfaces__rosidl_typesupport_introspection_cpp.so" to ""\n'}
[7.153879] (can_interfaces) StdoutLine: {'line': b'-- Installing: /home/ritvik/Documents/MRT_ROS_WS/install/can_interfaces/lib/libcan_interfaces__rosidl_typesupport_cpp.so\n'}
[7.154248] (can_interfaces) StdoutLine: {'line': b'-- Set non-toolchain portion of runtime path of "/home/ritvik/Documents/MRT_ROS_WS/install/can_interfaces/lib/libcan_interfaces__rosidl_typesupport_cpp.so" to ""\n'}
[7.154340] (can_interfaces) StdoutLine: {'line': b'-- Up-to-date: /home/ritvik/Documents/MRT_ROS_WS/install/can_interfaces/share/can_interfaces/environment/pythonpath.sh\n'}
[7.154419] (can_interfaces) StdoutLine: {'line': b'-- Up-to-date: /home/ritvik/Documents/MRT_ROS_WS/install/can_interfaces/share/can_interfaces/environment/pythonpath.dsv\n'}
[7.154490] (can_interfaces) StdoutLine: {'line': b'-- Up-to-date: /home/ritvik/Documents/MRT_ROS_WS/install/can_interfaces/lib/python3.12/site-packages/can_interfaces-0.0.0-py3.12.egg-info\n'}
[7.154539] (can_interfaces) StdoutLine: {'line': b'-- Installing: /home/ritvik/Documents/MRT_ROS_WS/install/can_interfaces/lib/python3.12/site-packages/can_interfaces-0.0.0-py3.12.egg-info/dependency_links.txt\n'}
[7.154598] (can_interfaces) StdoutLine: {'line': b'-- Installing: /home/ritvik/Documents/MRT_ROS_WS/install/can_interfaces/lib/python3.12/site-packages/can_interfaces-0.0.0-py3.12.egg-info/top_level.txt\n'}
[7.154709] (can_interfaces) StdoutLine: {'line': b'-- Installing: /home/ritvik/Documents/MRT_ROS_WS/install/can_interfaces/lib/python3.12/site-packages/can_interfaces-0.0.0-py3.12.egg-info/PKG-INFO\n'}
[7.154851] (can_interfaces) StdoutLine: {'line': b'-- Installing: /home/ritvik/Documents/MRT_ROS_WS/install/can_interfaces/lib/python3.12/site-packages/can_interfaces-0.0.0-py3.12.egg-info/SOURCES.txt\n'}
[7.155019] (can_interfaces) StdoutLine: {'line': b'-- Up-to-date: /home/ritvik/Documents/MRT_ROS_WS/install/can_interfaces/lib/python3.12/site-packages/can_interfaces\n'}
[7.155130] (can_interfaces) StdoutLine: {'line': b'-- Installing: /home/ritvik/Documents/MRT_ROS_WS/install/can_interfaces/lib/python3.12/site-packages/can_interfaces/can_interfaces_s__rosidl_typesupport_introspection_c.so\n'}
[7.155273] (can_interfaces) StdoutLine: {'line': b'-- Up-to-date: /home/ritvik/Documents/MRT_ROS_WS/install/can_interfaces/lib/python3.12/site-packages/can_interfaces/msg\n'}
[7.155383] (can_interfaces) StdoutLine: {'line': b'-- Installing: /home/ritvik/Documents/MRT_ROS_WS/install/can_interfaces/lib/python3.12/site-packages/can_interfaces/msg/_can_queue_s.c\n'}
[7.155498] (can_interfaces) StdoutLine: {'line': b'-- Up-to-date: /home/ritvik/Documents/MRT_ROS_WS/install/can_interfaces/lib/python3.12/site-packages/can_interfaces/msg/_mobility_sensor_data_s.c\n'}
[7.155577] (can_interfaces) StdoutLine: {'line': b'-- Installing: /home/ritvik/Documents/MRT_ROS_WS/install/can_interfaces/lib/python3.12/site-packages/can_interfaces/msg/__init__.py\n'}
[7.155667] (can_interfaces) StdoutLine: {'line': b'-- Installing: /home/ritvik/Documents/MRT_ROS_WS/install/can_interfaces/lib/python3.12/site-packages/can_interfaces/msg/_drive_command_s.c\n'}
[7.155755] (can_interfaces) StdoutLine: {'line': b'-- Installing: /home/ritvik/Documents/MRT_ROS_WS/install/can_interfaces/lib/python3.12/site-packages/can_interfaces/msg/_can_queue.py\n'}
[7.155864] (can_interfaces) StdoutLine: {'line': b'-- Installing: /home/ritvik/Documents/MRT_ROS_WS/install/can_interfaces/lib/python3.12/site-packages/can_interfaces/msg/_mobility_data.py\n'}
[7.155984] (can_interfaces) StdoutLine: {'line': b'-- Up-to-date: /home/ritvik/Documents/MRT_ROS_WS/install/can_interfaces/lib/python3.12/site-packages/can_interfaces/msg/_mobility_sensor_data.py\n'}
[7.156033] (can_interfaces) StdoutLine: {'line': b'-- Installing: /home/ritvik/Documents/MRT_ROS_WS/install/can_interfaces/lib/python3.12/site-packages/can_interfaces/msg/_drive_command.py\n'}
[7.156148] (can_interfaces) StdoutLine: {'line': b'-- Installing: /home/ritvik/Documents/MRT_ROS_WS/install/can_interfaces/lib/python3.12/site-packages/can_interfaces/msg/_mobility_data_s.c\n'}
[7.156339] (can_interfaces) StdoutLine: {'line': b'-- Installing: /home/ritvik/Documents/MRT_ROS_WS/install/can_interfaces/lib/python3.12/site-packages/can_interfaces/_can_interfaces_s.ep.rosidl_typesupport_c.c\n'}
[7.156440] (can_interfaces) StdoutLine: {'line': b'-- Installing: /home/ritvik/Documents/MRT_ROS_WS/install/can_interfaces/lib/python3.12/site-packages/can_interfaces/can_interfaces_s__rosidl_typesupport_fastrtps_c.so\n'}
[7.156601] (can_interfaces) StdoutLine: {'line': b'-- Installing: /home/ritvik/Documents/MRT_ROS_WS/install/can_interfaces/lib/python3.12/site-packages/can_interfaces/__init__.py\n'}
[7.156717] (can_interfaces) StdoutLine: {'line': b'-- Installing: /home/ritvik/Documents/MRT_ROS_WS/install/can_interfaces/lib/python3.12/site-packages/can_interfaces/_can_interfaces_s.ep.rosidl_typesupport_fastrtps_c.c\n'}
[7.156850] (can_interfaces) StdoutLine: {'line': b'-- Installing: /home/ritvik/Documents/MRT_ROS_WS/install/can_interfaces/lib/python3.12/site-packages/can_interfaces/_can_interfaces_s.ep.rosidl_typesupport_introspection_c.c\n'}
[7.156982] (can_interfaces) StdoutLine: {'line': b'-- Installing: /home/ritvik/Documents/MRT_ROS_WS/install/can_interfaces/lib/python3.12/site-packages/can_interfaces/can_interfaces_s__rosidl_typesupport_c.so\n'}
[7.191830] (can_interfaces) StdoutLine: {'line': b"Listing '/home/ritvik/Documents/MRT_ROS_WS/install/can_interfaces/lib/python3.12/site-packages/can_interfaces'...\n"}
[7.192094] (can_interfaces) StdoutLine: {'line': b"Compiling '/home/ritvik/Documents/MRT_ROS_WS/install/can_interfaces/lib/python3.12/site-packages/can_interfaces/__init__.py'...\n"}
[7.192230] (can_interfaces) StdoutLine: {'line': b"Listing '/home/ritvik/Documents/MRT_ROS_WS/install/can_interfaces/lib/python3.12/site-packages/can_interfaces/msg'...\n"}
[7.192364] (can_interfaces) StdoutLine: {'line': b"Compiling '/home/ritvik/Documents/MRT_ROS_WS/install/can_interfaces/lib/python3.12/site-packages/can_interfaces/msg/__init__.py'...\n"}
[7.192480] (can_interfaces) StdoutLine: {'line': b"Compiling '/home/ritvik/Documents/MRT_ROS_WS/install/can_interfaces/lib/python3.12/site-packages/can_interfaces/msg/_can_queue.py'...\n"}
[7.192590] (can_interfaces) StdoutLine: {'line': b"Compiling '/home/ritvik/Documents/MRT_ROS_WS/install/can_interfaces/lib/python3.12/site-packages/can_interfaces/msg/_drive_command.py'...\n"}
[7.192695] (can_interfaces) StdoutLine: {'line': b"Compiling '/home/ritvik/Documents/MRT_ROS_WS/install/can_interfaces/lib/python3.12/site-packages/can_interfaces/msg/_mobility_data.py'...\n"}
[7.195909] (can_interfaces) StdoutLine: {'line': b'-- Installing: /home/ritvik/Documents/MRT_ROS_WS/install/can_interfaces/lib/python3.12/site-packages/can_interfaces/can_interfaces_s__rosidl_typesupport_fastrtps_c.so\n'}
[7.196193] (can_interfaces) StdoutLine: {'line': b'-- Set non-toolchain portion of runtime path of "/home/ritvik/Documents/MRT_ROS_WS/install/can_interfaces/lib/python3.12/site-packages/can_interfaces/can_interfaces_s__rosidl_typesupport_fastrtps_c.so" to ""\n'}
[7.196388] (can_interfaces) StdoutLine: {'line': b'-- Installing: /home/ritvik/Documents/MRT_ROS_WS/install/can_interfaces/lib/python3.12/site-packages/can_interfaces/can_interfaces_s__rosidl_typesupport_introspection_c.so\n'}
[7.196702] (can_interfaces) StdoutLine: {'line': b'-- Set non-toolchain portion of runtime path of "/home/ritvik/Documents/MRT_ROS_WS/install/can_interfaces/lib/python3.12/site-packages/can_interfaces/can_interfaces_s__rosidl_typesupport_introspection_c.so" to ""\n'}
[7.196883] (can_interfaces) StdoutLine: {'line': b'-- Installing: /home/ritvik/Documents/MRT_ROS_WS/install/can_interfaces/lib/python3.12/site-packages/can_interfaces/can_interfaces_s__rosidl_typesupport_c.so\n'}
[7.197201] (can_interfaces) StdoutLine: {'line': b'-- Set non-toolchain portion of runtime path of "/home/ritvik/Documents/MRT_ROS_WS/install/can_interfaces/lib/python3.12/site-packages/can_interfaces/can_interfaces_s__rosidl_typesupport_c.so" to ""\n'}
[7.197825] (can_interfaces) StdoutLine: {'line': b'-- Installing: /home/ritvik/Documents/MRT_ROS_WS/install/can_interfaces/lib/libcan_interfaces__rosidl_generator_py.so\n'}
[7.198269] (can_interfaces) StdoutLine: {'line': b'-- Set non-toolchain portion of runtime path of "/home/ritvik/Documents/MRT_ROS_WS/install/can_interfaces/lib/libcan_interfaces__rosidl_generator_py.so" to ""\n'}
[7.198396] (can_interfaces) StdoutLine: {'line': b'-- Up-to-date: /home/ritvik/Documents/MRT_ROS_WS/install/can_interfaces/share/ament_index/resource_index/rust_packages/can_interfaces\n'}
[7.198471] (can_interfaces) StdoutLine: {'line': b'-- Up-to-date: /home/ritvik/Documents/MRT_ROS_WS/install/can_interfaces/share/can_interfaces/rust\n'}
[7.198532] (can_interfaces) StdoutLine: {'line': b'-- Installing: /home/ritvik/Documents/MRT_ROS_WS/install/can_interfaces/share/can_interfaces/rust/Cargo.toml\n'}
[7.198589] (can_interfaces) StdoutLine: {'line': b'-- Installing: /home/ritvik/Documents/MRT_ROS_WS/install/can_interfaces/share/can_interfaces/rust/build.rs\n'}
[7.198693] (can_interfaces) StdoutLine: {'line': b'-- Up-to-date: /home/ritvik/Documents/MRT_ROS_WS/install/can_interfaces/share/can_interfaces/rust/src\n'}
[7.198759] (can_interfaces) StdoutLine: {'line': b'-- Installing: /home/ritvik/Documents/MRT_ROS_WS/install/can_interfaces/share/can_interfaces/rust/src/lib.rs\n'}
[7.198841] (can_interfaces) StdoutLine: {'line': b'-- Up-to-date: /home/ritvik/Documents/MRT_ROS_WS/install/can_interfaces/share/can_interfaces/rust/src/msg\n'}
[7.198908] (can_interfaces) StdoutLine: {'line': b'-- Installing: /home/ritvik/Documents/MRT_ROS_WS/install/can_interfaces/share/can_interfaces/rust/src/msg/rmw.rs\n'}
[7.199040] (can_interfaces) StdoutLine: {'line': b'-- Installing: /home/ritvik/Documents/MRT_ROS_WS/install/can_interfaces/share/can_interfaces/rust/src/msg.rs\n'}
[7.199214] (can_interfaces) StdoutLine: {'line': b'-- Up-to-date: /home/ritvik/Documents/MRT_ROS_WS/install/can_interfaces/share/can_interfaces/msg/DriveCommand.idl\n'}
[7.199321] (can_interfaces) StdoutLine: {'line': b'-- Up-to-date: /home/ritvik/Documents/MRT_ROS_WS/install/can_interfaces/share/can_interfaces/msg/CANQueue.idl\n'}
[7.199451] (can_interfaces) StdoutLine: {'line': b'-- Installing: /home/ritvik/Documents/MRT_ROS_WS/install/can_interfaces/share/can_interfaces/msg/MobilityData.idl\n'}
[7.199547] (can_interfaces) StdoutLine: {'line': b'-- Up-to-date: /home/ritvik/Documents/MRT_ROS_WS/install/can_interfaces/share/can_interfaces/msg/DriveCommand.msg\n'}
[7.199650] (can_interfaces) StdoutLine: {'line': b'-- Up-to-date: /home/ritvik/Documents/MRT_ROS_WS/install/can_interfaces/share/can_interfaces/msg/CANQueue.msg\n'}
[7.199707] (can_interfaces) StdoutLine: {'line': b'-- Installing: /home/ritvik/Documents/MRT_ROS_WS/install/can_interfaces/share/can_interfaces/msg/MobilityData.msg\n'}
[7.199798] (can_interfaces) StdoutLine: {'line': b'-- Up-to-date: /home/ritvik/Documents/MRT_ROS_WS/install/can_interfaces/share/ament_index/resource_index/package_run_dependencies/can_interfaces\n'}
[7.199891] (can_interfaces) StdoutLine: {'line': b'-- Up-to-date: /home/ritvik/Documents/MRT_ROS_WS/install/can_interfaces/share/ament_index/resource_index/parent_prefix_path/can_interfaces\n'}
[7.199952] (can_interfaces) StdoutLine: {'line': b'-- Up-to-date: /home/ritvik/Documents/MRT_ROS_WS/install/can_interfaces/share/can_interfaces/environment/ament_prefix_path.sh\n'}
[7.200046] (can_interfaces) StdoutLine: {'line': b'-- Up-to-date: /home/ritvik/Documents/MRT_ROS_WS/install/can_interfaces/share/can_interfaces/environment/ament_prefix_path.dsv\n'}
[7.200108] (can_interfaces) StdoutLine: {'line': b'-- Up-to-date: /home/ritvik/Documents/MRT_ROS_WS/install/can_interfaces/share/can_interfaces/environment/path.sh\n'}
[7.200166] (can_interfaces) StdoutLine: {'line': b'-- Up-to-date: /home/ritvik/Documents/MRT_ROS_WS/install/can_interfaces/share/can_interfaces/environment/path.dsv\n'}
[7.200257] (can_interfaces) StdoutLine: {'line': b'-- Up-to-date: /home/ritvik/Documents/MRT_ROS_WS/install/can_interfaces/share/can_interfaces/local_setup.bash\n'}
[7.200323] (can_interfaces) StdoutLine: {'line': b'-- Up-to-date: /home/ritvik/Documents/MRT_ROS_WS/install/can_interfaces/share/can_interfaces/local_setup.sh\n'}
[7.200374] (can_interfaces) StdoutLine: {'line': b'-- Up-to-date: /home/ritvik/Documents/MRT_ROS_WS/install/can_interfaces/share/can_interfaces/local_setup.zsh\n'}
[7.200420] (can_interfaces) StdoutLine: {'line': b'-- Up-to-date: /home/ritvik/Documents/MRT_ROS_WS/install/can_interfaces/share/can_interfaces/local_setup.dsv\n'}
[7.200470] (can_interfaces) StdoutLine: {'line': b'-- Installing: /home/ritvik/Documents/MRT_ROS_WS/install/can_interfaces/share/can_interfaces/package.dsv\n'}
[7.200519] (can_interfaces) StdoutLine: {'line': b'-- Up-to-date: /home/ritvik/Documents/MRT_ROS_WS/install/can_interfaces/share/ament_index/resource_index/packages/can_interfaces\n'}
[7.200594] (can_interfaces) StdoutLine: {'line': b'-- Up-to-date: /home/ritvik/Documents/MRT_ROS_WS/install/can_interfaces/share/can_interfaces/cmake/export_can_interfaces__rosidl_generator_cExport.cmake\n'}
[7.200663] (can_interfaces) StdoutLine: {'line': b'-- Up-to-date: /home/ritvik/Documents/MRT_ROS_WS/install/can_interfaces/share/can_interfaces/cmake/export_can_interfaces__rosidl_generator_cExport-noconfig.cmake\n'}
[7.200900] (can_interfaces) StdoutLine: {'line': b'-- Up-to-date: /home/ritvik/Documents/MRT_ROS_WS/install/can_interfaces/share/can_interfaces/cmake/export_can_interfaces__rosidl_typesupport_fastrtps_cExport.cmake\n'}
[7.200965] (can_interfaces) StdoutLine: {'line': b'-- Up-to-date: /home/ritvik/Documents/MRT_ROS_WS/install/can_interfaces/share/can_interfaces/cmake/export_can_interfaces__rosidl_typesupport_fastrtps_cExport-noconfig.cmake\n'}
[7.201192] (can_interfaces) StdoutLine: {'line': b'-- Up-to-date: /home/ritvik/Documents/MRT_ROS_WS/install/can_interfaces/share/can_interfaces/cmake/can_interfaces__rosidl_typesupport_introspection_cExport.cmake\n'}
[7.201260] (can_interfaces) StdoutLine: {'line': b'-- Up-to-date: /home/ritvik/Documents/MRT_ROS_WS/install/can_interfaces/share/can_interfaces/cmake/can_interfaces__rosidl_typesupport_introspection_cExport-noconfig.cmake\n'}
[7.201512] (can_interfaces) StdoutLine: {'line': b'-- Up-to-date: /home/ritvik/Documents/MRT_ROS_WS/install/can_interfaces/share/can_interfaces/cmake/can_interfaces__rosidl_typesupport_cExport.cmake\n'}
[7.201610] (can_interfaces) StdoutLine: {'line': b'-- Up-to-date: /home/ritvik/Documents/MRT_ROS_WS/install/can_interfaces/share/can_interfaces/cmake/can_interfaces__rosidl_typesupport_cExport-noconfig.cmake\n'}
[7.201797] (can_interfaces) StdoutLine: {'line': b'-- Up-to-date: /home/ritvik/Documents/MRT_ROS_WS/install/can_interfaces/share/can_interfaces/cmake/export_can_interfaces__rosidl_generator_cppExport.cmake\n'}
[7.202036] (can_interfaces) StdoutLine: {'line': b'-- Up-to-date: /home/ritvik/Documents/MRT_ROS_WS/install/can_interfaces/share/can_interfaces/cmake/export_can_interfaces__rosidl_typesupport_fastrtps_cppExport.cmake\n'}
[7.202142] (can_interfaces) StdoutLine: {'line': b'-- Up-to-date: /home/ritvik/Documents/MRT_ROS_WS/install/can_interfaces/share/can_interfaces/cmake/export_can_interfaces__rosidl_typesupport_fastrtps_cppExport-noconfig.cmake\n'}
[7.202311] (can_interfaces) StdoutLine: {'line': b'-- Up-to-date: /home/ritvik/Documents/MRT_ROS_WS/install/can_interfaces/share/can_interfaces/cmake/can_interfaces__rosidl_typesupport_introspection_cppExport.cmake\n'}
[7.202431] (can_interfaces) StdoutLine: {'line': b'-- Up-to-date: /home/ritvik/Documents/MRT_ROS_WS/install/can_interfaces/share/can_interfaces/cmake/can_interfaces__rosidl_typesupport_introspection_cppExport-noconfig.cmake\n'}
[7.202639] (can_interfaces) StdoutLine: {'line': b'-- Up-to-date: /home/ritvik/Documents/MRT_ROS_WS/install/can_interfaces/share/can_interfaces/cmake/can_interfaces__rosidl_typesupport_cppExport.cmake\n'}
[7.202793] (can_interfaces) StdoutLine: {'line': b'-- Up-to-date: /home/ritvik/Documents/MRT_ROS_WS/install/can_interfaces/share/can_interfaces/cmake/can_interfaces__rosidl_typesupport_cppExport-noconfig.cmake\n'}
[7.202968] (can_interfaces) StdoutLine: {'line': b'-- Up-to-date: /home/ritvik/Documents/MRT_ROS_WS/install/can_interfaces/share/can_interfaces/cmake/export_can_interfaces__rosidl_generator_pyExport.cmake\n'}
[7.203087] (can_interfaces) StdoutLine: {'line': b'-- Up-to-date: /home/ritvik/Documents/MRT_ROS_WS/install/can_interfaces/share/can_interfaces/cmake/export_can_interfaces__rosidl_generator_pyExport-noconfig.cmake\n'}
[7.203156] (can_interfaces) StdoutLine: {'line': b'-- Installing: /home/ritvik/Documents/MRT_ROS_WS/install/can_interfaces/share/can_interfaces/cmake/rosidl_cmake-extras.cmake\n'}
[7.203238] (can_interfaces) StdoutLine: {'line': b'-- Up-to-date: /home/ritvik/Documents/MRT_ROS_WS/install/can_interfaces/share/can_interfaces/cmake/ament_cmake_export_include_directories-extras.cmake\n'}
[7.203334] (can_interfaces) StdoutLine: {'line': b'-- Up-to-date: /home/ritvik/Documents/MRT_ROS_WS/install/can_interfaces/share/can_interfaces/cmake/ament_cmake_export_libraries-extras.cmake\n'}
[7.203414] (can_interfaces) StdoutLine: {'line': b'-- Up-to-date: /home/ritvik/Documents/MRT_ROS_WS/install/can_interfaces/share/can_interfaces/cmake/ament_cmake_export_targets-extras.cmake\n'}
[7.203500] (can_interfaces) StdoutLine: {'line': b'-- Up-to-date: /home/ritvik/Documents/MRT_ROS_WS/install/can_interfaces/share/can_interfaces/cmake/rosidl_cmake_export_typesupport_targets-extras.cmake\n'}
[7.203595] (can_interfaces) StdoutLine: {'line': b'-- Up-to-date: /home/ritvik/Documents/MRT_ROS_WS/install/can_interfaces/share/can_interfaces/cmake/ament_cmake_export_dependencies-extras.cmake\n'}
[7.203654] (can_interfaces) StdoutLine: {'line': b'-- Up-to-date: /home/ritvik/Documents/MRT_ROS_WS/install/can_interfaces/share/can_interfaces/cmake/rosidl_cmake_export_typesupport_libraries-extras.cmake\n'}
[7.203713] (can_interfaces) StdoutLine: {'line': b'-- Up-to-date: /home/ritvik/Documents/MRT_ROS_WS/install/can_interfaces/share/can_interfaces/cmake/can_interfacesConfig.cmake\n'}
[7.203773] (can_interfaces) StdoutLine: {'line': b'-- Up-to-date: /home/ritvik/Documents/MRT_ROS_WS/install/can_interfaces/share/can_interfaces/cmake/can_interfacesConfig-version.cmake\n'}
[7.203839] (can_interfaces) StdoutLine: {'line': b'-- Up-to-date: /home/ritvik/Documents/MRT_ROS_WS/install/can_interfaces/share/can_interfaces/package.xml\n'}
[7.206026] (can_interfaces) CommandEnded: {'returncode': 0}
[7.219691] (can_interfaces) JobEnded: {'identifier': 'can_interfaces', 'rc': 0}
[7.220895] (-) EventReactorShutdown: {}
